filename,property_result,frame_sizes,total_time,k,solver,max_memory(MB),execution_time(s),cpu_time(s),exit_code,timed_out,variant
FMCAD08/Bool/misc/stalmark_e8_64_e7_80.lus,Unsafe,0,0.104,1,9,37.34,0.64,0.07,40,false,base
FMCAD08/Bool/misc/stalmark_e7_27.lus,Safe,6 5 3,0.102,4,201,43.11,0.65,0.12,0,false,base
FMCAD08/Bool/misc/switch.lus,Error,,,,,12.62,0.11,0.01,3,false,base
FMCAD08/Bool/misc/switch2.lus,Error,,,,,12.12,0.11,0.01,3,false,base
FMCAD08/Bool/misc/stalmark_e8_64_e8_207.lus,Unsafe,,0.007,0,1,19.27,0.42,0.03,40,false,base
FMCAD08/Bool/misc/_6counter2.lus,Unsafe,3 2 1 0,0.105,4,202,42.30,0.52,0.11,40,false,base
FMCAD08/Bool/misc/stalmark_e7_27_e7_31.lus,Safe,6 5 3,0.102,4,196,42.93,0.52,0.11,0,false,base
FMCAD08/Bool/misc/_6counter.lus,Unsafe,7 5 3 2 1,0.363,5,661,44.80,0.86,0.36,40,false,base
FMCAD08/Bool/misc/stalmark_e8_48.lus,Unsafe,,0.008,0,2,31.84,0.42,0.03,40,false,base
FMCAD08/Bool/misc/stalmark.lus,Safe,4 2,0.086,3,145,43.05,0.52,0.09,0,false,base
FMCAD08/Bool/misc/stalmark_e7_76.lus,Safe,6 5 3,0.102,4,201,42.71,0.52,0.11,0,false,base
FMCAD08/Bool/simulation/ums_e8_1032.lus,Safe,3,0.112,2,46,45.39,0.63,0.15,0,false,base
FMCAD08/Bool/simulation/production_cell_e7_207_e7_41.lus,Unsafe,,0.016,0,2,33.80,0.52,0.04,40,false,base
FMCAD08/Bool/simulation/tramway.lus,Safe,10 8 4,0.589,4,732,47.09,1.04,0.59,0,false,base
FMCAD08/Bool/simulation/ums_e7_1700.lus,Unsafe,7,0.290,1,141,46.62,0.73,0.32,40,false,base
FMCAD08/Bool/simulation/production_cell_e7_21.lus,Unsafe,,0.016,0,2,33.83,0.52,0.04,40,false,base
FMCAD08/Bool/simulation/production_cell_e7_207_e8_241.lus,Safe,5,0.076,2,73,43.89,0.53,0.09,0,false,base
FMCAD08/Bool/simulation/tramway_e7_1834_e8_3192.lus,Safe,10 8 4,0.588,4,732,47.25,1.05,0.59,0,false,base
FMCAD08/Bool/simulation/production_cell_e8_6.lus,Safe,5,0.077,2,74,44.17,0.53,0.10,0,false,base
FMCAD08/Bool/simulation/tramway_e7_1834_e7_2363.lus,Safe,4,0.092,2,64,42.87,0.53,0.12,0,false,base
FMCAD08/Bool/simulation/ums.lus,Safe,2,0.089,2,33,42.22,0.53,0.11,0,false,base
FMCAD08/Bool/simulation/production_cell.lus,Safe,5,0.078,2,73,44.34,0.54,0.10,0,false,base
FMCAD08/Bool/simulation/tramway_e7_1834.lus,Safe,3,0.074,2,47,43.21,0.52,0.09,0,false,base
FMCAD08/Bool/simulation/production_cell_e8_6_e7_651.lus,Unsafe,,0.016,0,2,20.81,0.43,0.05,40,false,base
FMCAD08/Bool/simulation/production_cell_e8_6_e8_427.lus,Unsafe,3,0.075,1,53,44.21,0.53,0.11,40,false,base
FMCAD08/Int/protocol/swimmingpool_4_e7_2197.lus,Unsafe,6 4,0.272,2,169,47.65,0.73,0.27,40,false,base
FMCAD08/Int/protocol/rtp_9.lus,Safe,1,0.058,2,25,46.57,0.52,0.11,0,false,base
FMCAD08/Int/protocol/rtp_6.lus,Safe,2,0.079,2,41,50.73,0.52,0.13,0,false,base
FMCAD08/Int/protocol/swimmingpool_6.lus,Unsafe,6 3 1,0.582,3,355,49.48,1.05,0.60,40,false,base
FMCAD08/Int/protocol/rtp_7.lus,Safe,1,0.056,2,27,42.24,0.54,0.10,0,false,base
FMCAD08/Int/protocol/swimmingpool_6_e7_399.lus,Unsafe,13 9 4,1.138,3,840,52.35,1.67,1.16,40,false,base
FMCAD08/Int/protocol/rtp_4.lus,Safe,2,0.080,2,39,47.48,0.64,0.15,0,false,base
FMCAD08/Int/protocol/swimmingpool_1_e7_1621.lus,Unsafe,5 4,0.202,2,115,47.46,0.62,0.23,40,false,base
FMCAD08/Int/protocol/rtp_8.lus,Safe,1,0.056,2,25,43.12,0.52,0.11,0,false,base
FMCAD08/Int/protocol/swimmingpool_4.lus,Unsafe,3 2,0.129,2,84,46.41,0.63,0.15,40,false,base
FMCAD08/Int/protocol/peterson_all.lus,Safe,7,0.286,2,134,56.83,0.74,0.33,0,false,base
FMCAD08/Int/protocol/peterson_3.lus,Safe,2,0.098,2,41,48.43,0.63,0.16,0,false,base
FMCAD08/Int/protocol/swimmingpool_3.lus,Unsafe,1,0.091,1,50,47.72,0.64,0.15,40,false,base
FMCAD08/Int/protocol/swimmingpool_1.lus,Unsafe,8 6 4 2,0.949,4,660,50.82,1.48,0.97,40,false,base
FMCAD08/Int/protocol/swimmingpool_2.lus,Unsafe,,0.018,0,2,44.73,0.52,0.05,40,false,base
FMCAD08/Int/protocol/rtp_all.lus,Safe,11,0.389,2,224,55.84,0.85,0.45,0,false,base
FMCAD08/Int/protocol/readwrit.lus,Safe,1,0.055,2,25,45.89,0.54,0.08,0,false,base
FMCAD08/Int/protocol/rtp_1.lus,Safe,2,0.076,2,41,47.59,0.63,0.14,0,false,base
FMCAD08/Int/protocol/rtp_2.lus,Safe,3,0.101,2,58,47.53,0.63,0.14,0,false,base
FMCAD08/Int/protocol/rtp_5.lus,Safe,1,0.058,2,27,51.98,0.52,0.10,0,false,base
FMCAD08/Int/protocol/rtp_3.lus,Safe,2,0.076,2,41,44.24,0.53,0.12,0,false,base
FMCAD08/Int/protocol/peterson_2.lus,Safe,1,0.067,2,27,37.81,0.64,0.14,0,false,base
FMCAD08/Int/protocol/peterson_1_e7_4234.lus,Safe,1,0.076,2,27,47.43,0.53,0.13,0,false,base
FMCAD08/Int/protocol/peterson_1.lus,Safe,1,0.072,2,27,44.82,0.52,0.11,0,false,base
FMCAD08/Int/protocol/peterson_4.lus,Safe,1,0.112,2,27,47.84,0.65,0.17,0,false,base
FMCAD08/Int/protocol/swimmingpool_8.lus,Unsafe,6 2,0.369,2,242,48.27,0.84,0.40,40,false,base
FMCAD08/Int/protocol/rtp_10_e7_106_e7_2564.lus,Safe,2,0.092,2,41,49.56,0.62,0.14,0,false,base
FMCAD08/Int/protocol/rtp_5_e7_3972.lus,Safe,2,0.068,2,31,19.37,0.52,0.11,0,false,base
FMCAD08/Int/protocol/swimmingpool_6_e7_10_e7_341.lus,Unsafe,5 4 2,0.357,3,271,48.69,0.84,0.38,40,false,base
FMCAD08/Int/protocol/swimmingpool_7.lus,Unsafe,8 7 6 4 2,0.949,5,921,50.27,1.46,0.96,40,false,base
FMCAD08/Int/protocol/rtp_all_e7_2500.lus,Safe,16,0.584,2,362,48.84,1.04,0.63,0,false,base
FMCAD08/Int/protocol/swimmingpool_9.lus,Unsafe,10 2,0.714,2,459,50.01,1.18,0.74,40,false,base
FMCAD08/Int/protocol/rtp_10.lus,Safe,1,0.054,2,25,49.07,0.53,0.11,0,false,base
FMCAD08/Int/protocol/rtp_vt.lus,Safe,125 124 122 119 114 110 82 48,77.316,9,25046,128.25,77.85,76.43,0,false,base
FMCAD08/Int/protocol/swimmingpool_5.lus,Unsafe,2 1,0.189,2,88,47.40,0.63,0.23,40,false,base
FMCAD08/Int/protocol/peterson_vt.lus,Unsafe,5 2,0.412,2,170,50.12,0.94,0.48,40,false,base
FMCAD08/Int/misc/ticket3i_2.lus,Safe,2,0.068,2,37,44.00,0.52,0.10,0,false,base
FMCAD08/Int/misc/durationThm_3_e3_442_e5_260.lus,Safe,1,0.036,2,28,33.50,0.53,0.06,0,false,base
FMCAD08/Int/misc/ticket3i_7_e7_3176.lus,Safe,6,0.145,2,100,47.53,0.62,0.18,0,false,base
FMCAD08/Int/misc/durationThm_1_e7_217_e3_132.lus,Safe,3,0.054,2,48,45.90,0.52,0.07,0,false,base
FMCAD08/Int/misc/durationThm_2_e7_145_e8_73.lus,Timeout,,,,,,,,,true,base
FMCAD08/Int/misc/durationThm_2_e7_145_e1_343.lus,Unsafe,,0.013,0,2,20.04,0.42,0.03,40,false,base
FMCAD08/Int/misc/_6counters.lus,Unsafe,33 30 26 23 19 18 16 14 9,6.824,9,7056,65.17,7.28,6.75,40,false,base
FMCAD08/Int/misc/ticket3i_7_e7_3176_e1_2924.lus,Safe,7,0.165,2,119,46.91,0.62,0.20,0,false,base
FMCAD08/Int/misc/durationThm_1_e2_3.lus,Safe,1,0.035,2,23,41.20,0.53,0.06,0,false,base
FMCAD08/Int/misc/durationThm_2_e7_145_e3_222.lus,Safe,4,0.067,2,59,45.65,0.52,0.08,0,false,base
FMCAD08/Int/misc/durationThm_3_e7_334_e2_62.lus,Safe,3,0.076,2,46,19.29,0.52,0.11,0,false,base
FMCAD08/Int/misc/ticket3i_1.lus,Safe,3,0.085,2,54,44.12,0.52,0.12,0,false,base
FMCAD08/Int/misc/durationThm_3.lus,Timeout,,,,,,,,,true,base
FMCAD08/Int/misc/traffic_e7_46_e7_171.lus,Unsafe,,0.013,0,1,31.79,0.52,0.04,40,false,base
FMCAD08/Int/misc/durationThm_2_e7_149.lus,Unsafe,,0.013,0,2,32.53,0.42,0.04,40,false,base
FMCAD08/Int/misc/durationThm_3_e7_334_e3_42.lus,Safe,3,0.053,2,48,45.40,0.54,0.07,0,false,base
FMCAD08/Int/misc/ticket3i_7_e3_59_e7_2122.lus,Safe,6,0.158,2,105,47.26,0.63,0.20,0,false,base
FMCAD08/Int/misc/ex8_e7_74.lus,Unsafe,0,0.025,2,13,20.44,0.54,0.06,40,false,base
FMCAD08/Int/misc/ex8_e7_74_e7_740.lus,Unsafe,0,0.026,2,13,32.24,0.42,0.04,40,false,base
FMCAD08/Int/misc/ticket3i_3_e7_99.lus,Unsafe,,0.020,0,2,21.27,0.52,0.07,40,false,base
FMCAD08/Int/misc/ticket3i_3_e7_1312_e8_1916.lus,Safe,1,0.046,2,24,46.12,0.52,0.08,0,false,base
FMCAD08/Int/misc/ex8_e8_220_e7_249.lus,Unsafe,0,0.025,2,13,44.46,0.52,0.04,40,false,base
FMCAD08/Int/misc/two_counters_e1_268.lus,Unsafe,,0.010,0,2,19.60,0.42,0.03,40,false,base
FMCAD08/Int/misc/durationThm_2.lus,Timeout,,,,,,,,,true,base
FMCAD08/Int/misc/durationThm_3_e1_36.lus,Unsafe,0,0.026,1,9,33.40,0.52,0.04,40,false,base
FMCAD08/Int/misc/ticket3i_all_e8_505_e7_2450.lus,Safe,7,0.196,2,121,47.29,0.63,0.23,0,false,base
FMCAD08/Int/misc/durationThm_1_e1_350.lus,Unsafe,,0.012,0,2,20.02,0.53,0.05,40,false,base
FMCAD08/Int/misc/ticket3i_3_e8_1703_e8_2560.lus,Safe,1,0.048,2,24,45.76,0.54,0.08,0,false,base
FMCAD08/Int/misc/durationThm_1_e3_389.lus,Safe,1,0.035,2,23,45.52,0.53,0.06,0,false,base
FMCAD08/Int/misc/durationThm_3_e3_442_e4_165.lus,Safe,1,0.034,2,24,45.15,0.52,0.05,0,false,base
FMCAD08/Int/misc/durationThm_1_e7_217_e7_31.lus,Unsafe,,0.012,0,2,19.91,0.42,0.03,40,false,base
FMCAD08/Int/misc/durationThm_1.lus,Timeout,,,,,,,,,true,base
FMCAD08/Int/misc/ticket3i_all_e7_591.lus,Safe,6,0.149,2,102,47.29,0.63,0.20,0,false,base
FMCAD08/Int/misc/durationThm_2_e1_301.lus,Timeout,,,,,,,,,true,base
FMCAD08/Int/misc/two_counters_e3_325.lus,Unsafe,0,0.027,1,17,45.16,0.43,0.05,40,false,base
FMCAD08/Int/misc/durationThm_3_e7_334.lus,Timeout,4,0.077,1,46,365.55,300.23,102.60,30,true,base
FMCAD08/Int/misc/_6counters_e8_371_e1_448.lus,Timeout,,,,,,,,,true,base
FMCAD08/Int/misc/ticket3i_3_e8_1703_e7_3491.lus,Unsafe,,0.021,0,2,43.62,0.52,0.06,40,false,base
FMCAD08/Int/misc/ticket3i_1_e7_1669.lus,Safe,3,0.086,2,54,42.37,0.53,0.12,0,false,base
FMCAD08/Int/misc/durationThm_1_e7_217.lus,Unsafe,1,0.042,1,26,45.78,0.53,0.07,40,false,base
FMCAD08/Int/misc/traffic.lus,Safe,2,0.038,2,38,19.30,0.52,0.06,0,false,base
FMCAD08/Int/misc/two_counters_e2_3.lus,Unsafe,0,0.021,1,9,33.06,0.52,0.04,40,false,base
FMCAD08/Int/misc/ticket3i_7_e1_2192_e1_1852.lus,Safe,9,0.203,2,167,47.06,0.64,0.25,0,false,base
FMCAD08/Int/misc/_6counters_e3_140_e8_149.lus,Timeout,,,,,,,,,true,base
FMCAD08/Int/misc/ticket3i_7_e2_2724_e7_524.lus,Safe,6,0.151,2,105,47.15,0.62,0.18,0,false,base
FMCAD08/Int/misc/durationThm_2_e7_145_e2_169.lus,Safe,4,0.060,2,58,45.30,0.52,0.08,0,false,base
FMCAD08/Int/misc/durationThm_2_e7_145_e7_154.lus,Unsafe,,0.012,0,2,32.52,0.43,0.04,40,false,base
FMCAD08/Int/misc/_6counters_e8_371_e7_304.lus,Unsafe,17 14 11 8,1.254,4,1532,50.87,1.78,1.25,40,false,base
FMCAD08/Int/misc/durationThm_2_e3_329_e4_1.lus,Safe,2,0.043,2,33,43.90,0.53,0.06,0,false,base
FMCAD08/Int/misc/_6countern.lus,Unsafe,,0.006,0,1,19.23,0.42,0.03,40,false,base
FMCAD08/Int/misc/durationThm_3_e7_334_e7_118.lus,Unsafe,,0.010,0,1,32.40,0.44,0.04,40,false,base
FMCAD08/Int/misc/ticket3i_3_e8_1703.lus,Safe,2,0.068,2,37,45.75,0.53,0.11,0,false,base
FMCAD08/Int/misc/ticket3i_4.lus,Safe,2,0.063,2,39,46.29,0.52,0.09,0,false,base
FMCAD08/Int/misc/ticket3i_3_e7_1312_e7_1495.lus,Unsafe,,0.025,0,2,43.79,0.53,0.09,40,false,base
FMCAD08/Int/misc/durationThm_1_e7_217_e1_89.lus,Unsafe,,0.013,0,2,32.91,0.44,0.04,40,false,base
FMCAD08/Int/misc/durationThm_3_e7_334_e1_431.lus,Unsafe,0,0.025,1,9,33.65,0.52,0.04,40,false,base
FMCAD08/Int/misc/ex8.lus,Unsafe,0,0.026,2,13,20.29,0.52,0.05,40,false,base
FMCAD08/Int/misc/_6counters_e8_371_e2_80.lus,Safe,0,0.020,2,12,32.27,0.54,0.04,0,false,base
FMCAD08/Int/misc/two_counters.lus,Safe,27 25 23 19 12,1.149,6,1782,50.42,1.58,1.14,0,false,base
FMCAD08/Int/misc/durationThm_3_e3_207.lus,Safe,1,0.036,2,28,45.29,0.55,0.06,0,false,base
FMCAD08/Int/misc/ticket3i_3.lus,Safe,1,0.045,2,24,19.53,0.53,0.08,0,false,base
FMCAD08/Int/misc/durationThm_2_e3_329_e5_124.lus,Safe,2,0.043,2,33,45.68,0.52,0.06,0,false,base
FMCAD08/Int/misc/_6counters_e8_371_e3_224.lus,Timeout,,,,,,,,,true,base
FMCAD08/Int/misc/ex8_e7_74_e8_302.lus,Unsafe,0,0.025,2,13,44.58,0.53,0.04,40,false,base
FMCAD08/Int/misc/ticket3i_all_e3_557_e7_3464.lus,Safe,6,0.126,2,85,47.17,0.63,0.16,0,false,base
FMCAD08/Int/misc/ticket3i_5_e7_3307.lus,Safe,2,0.070,2,39,43.75,0.52,0.10,0,false,base
FMCAD08/Int/misc/two_counters_e7_222.lus,Unsafe,,0.010,0,2,19.81,0.43,0.03,40,false,base
FMCAD08/Int/misc/traffic_e7_46.lus,Unsafe,,0.009,0,1,19.38,0.42,0.03,40,false,base
FMCAD08/Int/misc/twisted_counters.lus,Safe,22 20 16 13 9,2.017,6,2787,54.61,2.49,1.98,0,false,base
FMCAD08/Int/misc/durationThm_1_e3_389_e5_5.lus,Safe,1,0.036,2,23,46.09,0.52,0.05,0,false,base
FMCAD08/Int/misc/durationThm_2_e2_63.lus,Safe,3,0.052,2,45,45.40,0.52,0.07,0,false,base
FMCAD08/Int/misc/durationThm_2_e3_99.lus,Safe,2,0.043,2,33,41.90,0.53,0.07,0,false,base
FMCAD08/Int/misc/ticket3i_all_e2_1117_e7_553.lus,Safe,6,0.147,2,105,47.33,0.63,0.18,0,false,base
FMCAD08/Int/misc/ticket3i_7.lus,Safe,6,0.140,2,105,47.31,0.62,0.17,0,false,base
FMCAD08/Int/misc/ticket3i_4_e7_1775_e7_3320.lus,Safe,2,0.061,2,34,44.25,0.52,0.09,0,false,base
FMCAD08/Int/misc/durationThm_1_e3_389_e4_294.lus,Safe,1,0.033,2,23,33.53,0.43,0.05,0,false,base
FMCAD08/Int/misc/ticket3i_all.lus,Safe,6,0.138,2,105,47.17,0.63,0.17,0,false,base
FMCAD08/Int/misc/durationThm_1_e7_217_e2_352.lus,Safe,3,0.055,2,50,42.73,0.53,0.08,0,false,base
FMCAD08/Int/misc/ticket3i_7_e8_2126_e7_78.lus,Safe,6,0.148,2,100,47.66,0.64,0.18,0,false,base
FMCAD08/Int/misc/ticket3i_all_e1_2706_e7_1776.lus,Safe,6,0.147,2,102,46.79,0.63,0.19,0,false,base
FMCAD08/Int/misc/durationThm_3_e2_63.lus,Safe,1,0.034,2,24,45.39,0.53,0.06,0,false,base
FMCAD08/Int/misc/ticket3i_5.lus,Safe,2,0.062,2,39,43.17,0.52,0.10,0,false,base
FMCAD08/Int/misc/ticket3i_6_e7_1096_e7_2688.lus,Safe,2,0.066,2,39,46.17,0.52,0.09,0,false,base
FMCAD08/Int/misc/ex8_e8_220.lus,Unsafe,0,0.026,2,13,33.37,0.42,0.04,40,false,base
FMCAD08/Int/misc/ex3.lus,Safe,4 3,0.110,3,138,46.09,0.52,0.12,0,false,base
FMCAD08/Int/misc/ticket3i_6.lus,Safe,2,0.067,2,39,46.77,0.52,0.10,0,false,base
FMCAD08/Int/memory1/DRAGON_2_e7_25_e8_3171.lus,Safe,1,0.063,2,22,55.39,0.52,0.11,0,false,base
FMCAD08/Int/memory1/DRAGON_10_e1_3587_e7_872.lus,Unsafe,,0.023,0,2,23.14,0.52,0.08,40,false,base
FMCAD08/Int/memory1/FIREFLY_luke_1b_e2_3049.lus,Unsafe,0,0.056,1,17,46.05,0.52,0.09,40,false,base
FMCAD08/Int/memory1/FIREFLY_luke_1a_e2_284_e1_2924.lus,Timeout,,,,,,,,,true,base
FMCAD08/Int/memory1/DRAGON_4_e7_2329.lus,Unsafe,0,0.089,1,20,54.77,0.63,0.14,40,false,base
FMCAD08/Int/memory1/FIREFLY_luke_1b_e3_671_e5_1637.lus,Unsafe,0,0.054,1,17,43.73,0.53,0.10,40,false,base
FMCAD08/Int/memory1/FIREFLY_all_e3_1600_e7_1607.lus,Unsafe,,0.020,0,2,44.20,0.52,0.06,40,false,base
FMCAD08/Int/memory1/FIREFLY_3_e2_2236_e3_2657.lus,Unsafe,0,0.057,1,22,46.38,0.52,0.09,40,false,base
FMCAD08/Int/memory1/FIREFLY_all_e7_1909.lus,Unsafe,,0.024,0,2,21.37,0.54,0.10,40,false,base
FMCAD08/Int/memory1/DRAGON_all2_e8_5504_e1_4719.lus,Unsafe,,0.027,0,2,56.95,0.52,0.10,40,false,base
FMCAD08/Int/memory1/DRAGON_3_e3_5422_e2_3135.lus,Safe,1,0.070,2,27,46.18,0.66,0.18,0,false,base
FMCAD08/Int/memory1/DRAGON_all_e2_6104_e2_3308.lus,Safe,5,0.183,2,88,47.91,0.75,0.25,0,false,base
FMCAD08/Int/memory1/DRAGON_10_e1_998.lus,Safe,2,0.088,2,39,34.99,0.52,0.14,0,false,base
FMCAD08/Int/memory1/FIREFLY_a3_e1_3233.lus,Unsafe,0,0.064,1,22,36.62,0.54,0.11,40,false,base
FMCAD08/Int/memory1/DRAGON_all2_e7_5406_e7_6697.lus,Unsafe,,0.027,0,2,47.74,0.55,0.10,40,false,base
FMCAD08/Int/memory1/DRAGON_8_e3_786.lus,Timeout,77 76 74 72 70 69 68 67 66,293.429,9,32605,327.36,300.21,79.97,30,true,base
FMCAD08/Int/memory1/FIREFLY_u1.lus,Safe,17 15 14 12 7,1.304,6,1343,51.82,1.77,1.31,0,false,base
FMCAD08/Int/memory1/DRAGON_all_e3_4821_e4_1791.lus,Safe,5,0.179,2,88,58.78,0.63,0.23,0,false,base
FMCAD08/Int/memory1/FIREFLY_3.lus,Safe,1,0.045,2,25,34.07,0.53,0.08,0,false,base
FMCAD08/Int/memory1/DRAGON_4_e1_4312.lus,Safe,23 18 12 7,2.914,5,2502,57.13,3.45,2.92,0,false,base
FMCAD08/Int/memory1/FIREFLY_2.lus,Safe,1,0.051,2,27,19.65,0.53,0.09,0,false,base
FMCAD08/Int/memory1/DRAGON_all_e1_4022_e1_1759.lus,Safe,4,0.154,2,65,47.82,0.62,0.21,0,false,base
FMCAD08/Int/memory1/FIREFLY_luke_rt_e3_1549.lus,Unsafe,0,0.061,1,22,44.13,0.53,0.10,40,false,base
FMCAD08/Int/memory1/FIREFLY_a3_e2_2086_e3_2542.lus,Safe,4,0.111,2,73,46.91,0.63,0.15,0,false,base
FMCAD08/Int/memory1/DRAGON_4.lus,Safe,35 30 22 12,3.073,5,2748,57.62,3.53,3.08,0,false,base
FMCAD08/Int/memory1/FIREFLY_5_e2_2884_e1_2678.lus,Safe,2,0.060,2,41,21.47,0.53,0.10,0,false,base
FMCAD08/Int/memory1/DRAGON_all_e2_6104_e3_2607.lus,Safe,5,0.181,2,92,47.46,0.62,0.23,0,false,base
FMCAD08/Int/memory1/DRAGON_10_e2_402.lus,Safe,2,0.089,2,39,47.87,0.63,0.14,0,false,base
FMCAD08/Int/memory1/FIREFLY_all_e2_2924_e7_3371.lus,Unsafe,,0.021,0,2,27.52,0.55,0.07,40,false,base
FMCAD08/Int/memory1/FIREFLY_luke_1b_e3_671_e3_941.lus,Unsafe,0,0.044,1,9,21.42,0.53,0.10,40,false,base
FMCAD08/Int/memory1/FIREFLY_11_e1_3457.lus,Timeout,,,,,,,,,true,base
FMCAD08/Int/memory1/DRAGON_2_e7_25_e2_5340.lus,Unsafe,,0.024,0,2,21.41,0.52,0.09,40,false,base
FMCAD08/Int/memory1/FIREFLY_8_e2_1711_e7_1962.lus,Unsafe,,0.019,0,2,21.16,0.55,0.08,40,false,base
FMCAD08/Int/memory1/DRAGON_2_e7_25_e7_4469.lus,Unsafe,,0.024,0,2,21.57,0.56,0.09,40,false,base
FMCAD08/Int/memory1/DRAGON_7.lus,Safe,3,0.120,2,60,56.52,0.63,0.17,0,false,base
FMCAD08/Int/memory1/DRAGON_all2_e3_4612_e1_6463.lus,Timeout,,,,,,,,,true,base
FMCAD08/Int/memory1/DRAGON_3_e1_4783.lus,Safe,1,0.070,2,27,57.92,0.52,0.12,0,false,base
FMCAD08/Int/memory1/FIREFLY_rt.lus,Safe,10 8 5,0.517,4,585,48.73,0.94,0.53,0,false,base
FMCAD08/Int/memory1/DRAGON_3_e1_4783_e3_511.lus,Safe,1,0.069,2,27,53.41,0.52,0.12,0,false,base
FMCAD08/Int/memory1/DRAGON_10_e7_3861_e7_2180.lus,Unsafe,,0.024,0,2,31.96,0.52,0.08,40,false,base
FMCAD08/Int/memory1/DRAGON_13_e7_2336_e1_541.lus,Unsafe,,0.024,0,2,42.36,0.52,0.08,40,false,base
FMCAD08/Int/memory1/DRAGON_5_e7_2017_e1_5832.lus,Unsafe,0,0.092,1,23,42.20,0.53,0.15,40,false,base
FMCAD08/Int/memory1/DRAGON_all_e2_6104_e1_6205.lus,Safe,4,0.154,2,71,55.56,0.63,0.21,0,false,base
FMCAD08/Int/memory1/DRAGON_all_e2_6104.lus,Safe,5,0.181,2,86,56.15,0.62,0.23,0,false,base
FMCAD08/Int/memory1/FIREFLY_luke_2_e2_1375_e1_418.lus,Safe,16 14 10 6,0.732,5,886,49.83,1.25,0.75,0,false,base
FMCAD08/Int/memory1/DRAGON_9_e7_1843_e7_2225.lus,Safe,1,0.063,2,25,55.89,0.54,0.11,0,false,base
FMCAD08/Int/memory1/DRAGON_4_e2_2799_e3_1915.lus,Safe,34 28 19 8,4.584,5,3696,59.20,5.09,4.58,0,false,base
FMCAD08/Int/memory1/DRAGON_2_e1_2316.lus,Safe,1,0.062,2,22,51.15,0.53,0.11,0,false,base
FMCAD08/Int/memory1/DRAGON_3_e2_5343_e1_988.lus,Safe,1,0.073,2,27,19.74,0.53,0.12,0,false,base
FMCAD08/Int/memory1/FIREFLY_luke_3.lus,Safe,25 22 20 17 8,1.912,6,2040,52.45,2.41,1.92,0,false,base
FMCAD08/Int/memory1/DRAGON_all_e7_1941_e2_6086.lus,Unsafe,,0.024,0,2,55.90,0.53,0.09,40,false,base
FMCAD08/Int/memory1/DRAGON_14_e7_3162.lus,Unsafe,14 8,0.581,2,316,49.66,1.05,0.63,40,false,base
FMCAD08/Int/memory1/FIREFLY_10.lus,Safe,2,0.061,2,39,44.12,0.52,0.09,0,false,base
FMCAD08/Int/memory1/FIREFLY_9.lus,Safe,1,0.046,2,27,34.36,0.56,0.09,0,false,base
FMCAD08/Int/memory1/FIREFLY_luke_1b_e1_1139_e2_2893.lus,Safe,1,0.045,2,22,43.64,0.53,0.08,0,false,base
FMCAD08/Int/memory1/DRAGON_all2_e7_5406_e1_6690.lus,Unsafe,,0.028,0,2,66.90,0.52,0.10,40,false,base
FMCAD08/Int/memory1/DRAGON_9.lus,Safe,1,0.060,2,25,40.64,0.52,0.11,0,false,base
FMCAD08/Int/memory1/FIREFLY_luke_rt_e1_913.lus,Unsafe,0,0.063,1,20,46.00,0.52,0.10,40,false,base
FMCAD08/Int/memory1/FIREFLY_luke_rt.lus,Safe,1,0.071,2,27,19.52,0.53,0.13,0,false,base
FMCAD08/Int/memory1/FIREFLY_1_e1_1092_e3_389.lus,Unsafe,0,0.055,1,15,44.24,0.52,0.09,40,false,base
FMCAD08/Int/memory1/FIREFLY_luke_1b_e3_671_e6_1974.lus,Safe,1,0.075,2,22,43.86,0.53,0.11,0,false,base
FMCAD08/Int/memory1/DRAGON_all_e3_4821_e1_1318.lus,Safe,5,0.177,2,86,48.32,0.63,0.22,0,false,base
FMCAD08/Int/memory1/FIREFLY_luke_rt_e1_913_e1_1993.lus,Unsafe,0,0.060,1,20,31.77,0.52,0.10,40,false,base
FMCAD08/Int/memory1/DRAGON_3_e1_4783_e2_158.lus,Safe,1,0.072,2,27,19.71,0.53,0.12,0,false,base
FMCAD08/Int/memory1/FIREFLY_11.lus,Timeout,,,,,,,,,true,base
FMCAD08/Int/memory1/DRAGON_5_e7_2017.lus,Unsafe,0,0.089,1,23,56.59,0.63,0.14,40,false,base
FMCAD08/Int/memory1/DRAGON_3_e1_4783_e7_4070.lus,Unsafe,,0.024,0,2,57.29,0.53,0.09,40,false,base
FMCAD08/Int/memory1/DRAGON_1_e1_14612_e2_2653_e7_4370.lus,Safe,2,0.095,2,41,43.26,0.52,0.14,0,false,base
FMCAD08/Int/memory1/DRAGON_14_e1_5710.lus,Timeout,,,,,,,,,true,base
FMCAD08/Int/memory1/DRAGON_all_e3_4821_e2_1089.lus,Safe,4,0.177,2,71,57.90,0.64,0.23,0,false,base
FMCAD08/Int/memory1/FIREFLY_a3_e1_3233_e1_3123.lus,Unsafe,0,0.063,1,22,44.42,0.52,0.10,40,false,base
FMCAD08/Int/memory1/DRAGON_4_e7_2329_e7_3856.lus,Unsafe,4,0.201,1,69,53.26,0.74,0.26,40,false,base
FMCAD08/Int/memory1/FIREFLY_all_e1_1207_e1_1201.lus,Unsafe,5,0.163,1,90,47.18,0.62,0.20,40,false,base
FMCAD08/Int/memory1/DRAGON_4_e2_2799.lus,Safe,34 29 22 12,3.401,5,2855,57.14,3.85,3.41,0,false,base
FMCAD08/Int/memory1/FIREFLY_8.lus,Safe,1,0.046,2,26,43.96,0.52,0.08,0,false,base
FMCAD08/Int/memory1/FIREFLY_all_e3_1600_e1_667.lus,Unsafe,0,0.064,1,18,45.96,0.55,0.10,40,false,base
FMCAD08/Int/memory1/DRAGON_10_e2_2785_e3_1744.lus,Safe,1,0.063,2,26,47.83,0.52,0.11,0,false,base
FMCAD08/Int/memory1/DRAGON_5_e7_2017_e7_2326.lus,Unsafe,2,0.154,1,53,47.95,0.63,0.21,40,false,base
FMCAD08/Int/memory1/FIREFLY_luke_2_e7_1826_e8_126.lus,Safe,10 8 5,0.447,4,527,48.33,0.95,0.47,0,false,base
FMCAD08/Int/memory1/FIREFLY_a3.lus,Safe,4,0.107,2,73,43.92,0.64,0.14,0,false,base
FMCAD08/Int/memory1/DRAGON_12_e2_1618_e1_6030.lus,Safe,24 21 20 17 9,3.128,6,2552,57.50,3.65,3.14,0,false,base
FMCAD08/Int/memory1/DRAGON_12_e2_1618.lus,Safe,20 17 13 7,1.955,5,1649,55.23,2.39,1.97,0,false,base
FMCAD08/Int/memory1/DRAGON_7_e2_2872_e3_2640.lus,Safe,3,0.119,2,58,53.42,0.62,0.16,0,false,base
FMCAD08/Int/memory1/DRAGON_9_e7_1843_e2_1145.lus,Safe,2,0.094,2,41,49.05,0.64,0.15,0,false,base
FMCAD08/Int/memory1/DRAGON_8_e7_3752.lus,Safe,11 10 7 4,1.096,5,840,50.53,1.57,1.14,0,false,base
FMCAD08/Int/memory1/DRAGON_12_e2_1618_e3_2012.lus,Safe,6 2 0,1.305,4,1077,54.18,1.78,1.33,0,false,base
FMCAD08/Int/memory1/DRAGON_14_e7_3162_e7_3528.lus,Unsafe,18 11,0.729,2,460,49.81,1.25,0.78,40,false,base
FMCAD08/Int/memory1/DRAGON_11_e2_5396_e3_282.lus,Timeout,,,,,,,,,true,base
FMCAD08/Int/memory1/DRAGON_1.lus,Safe,2,0.088,2,43,53.31,0.63,0.13,0,false,base
FMCAD08/Int/memory1/DRAGON_8_e3_786_e7_4541.lus,Safe,23 22 17 9,2.942,5,2071,57.53,3.43,2.96,0,false,base
FMCAD08/Int/memory1/DRAGON_5_e7_2017_e2_664.lus,Unsafe,0,0.091,1,23,48.76,0.62,0.14,40,false,base
FMCAD08/Int/memory1/FIREFLY_10_e7_919_e2_3192.lus,Safe,1,0.046,2,25,22.34,0.52,0.08,0,false,base
FMCAD08/Int/memory1/FIREFLY_luke_1b_e3_671_e1_725.lus,Unsafe,0,0.044,1,9,45.78,0.52,0.08,40,false,base
FMCAD08/Int/memory1/FIREFLY_8_e2_1711.lus,Safe,1,0.045,2,24,19.42,0.53,0.08,0,false,base
FMCAD08/Int/memory1/DRAGON_2_e2_4481.lus,Safe,1,0.062,2,22,31.79,0.52,0.11,0,false,base
FMCAD08/Int/memory1/DRAGON_11_e3_382_e1_505.lus,Timeout,,,,,,,,,true,base
FMCAD08/Int/memory1/FIREFLY_1_e1_1092_e1_1486.lus,Unsafe,0,0.053,1,15,21.39,0.54,0.09,40,false,base
FMCAD08/Int/memory1/DRAGON_all_e1_4037.lus,Safe,4,0.158,2,69,47.91,0.64,0.21,0,false,base
FMCAD08/Int/memory1/FIREFLY_luke_rt_e1_913_e7_1403.lus,Unsafe,,0.019,0,2,43.79,0.54,0.06,40,false,base
FMCAD08/Int/memory1/DRAGON_3_e3_5422_e1_2288.lus,Safe,1,0.072,2,27,47.48,0.63,0.17,0,false,base
FMCAD08/Int/memory1/DRAGON_11_e2_1678_e1_3565.lus,Timeout,,,,,,,,,true,base
FMCAD08/Int/memory1/FIREFLY_luke_1b_e2_3049_e3_2697.lus,Unsafe,0,0.042,1,9,43.64,0.52,0.08,40,false,base
FMCAD08/Int/memory1/FIREFLY_luke_1b_e3_671_e2_2131.lus,Unsafe,0,0.055,1,17,46.36,0.52,0.09,40,false,base
FMCAD08/Int/memory1/FIREFLY_a3_e1_3233_e7_906.lus,Unsafe,,0.020,0,2,21.27,0.54,0.07,40,false,base
FMCAD08/Int/memory1/FIREFLY_luke_rt_e2_3460_e2_2670.lus,Unsafe,0,0.061,1,22,45.50,0.55,0.10,40,false,base
FMCAD08/Int/memory1/DRAGON_all_e1_4022_e2_267.lus,Safe,5,0.181,2,90,58.81,0.64,0.23,0,false,base
FMCAD08/Int/memory1/FIREFLY_a3_e2_2086_e7_2614.lus,Unsafe,,0.021,0,2,41.82,0.52,0.06,40,false,base
FMCAD08/Int/memory1/DRAGON_all2_e3_4612_e2_5774.lus,Timeout,,,,,,,,,true,base
FMCAD08/Int/memory1/FIREFLY_3_e2_2236_e7_3681.lus,Safe,2,0.065,2,41,46.13,0.52,0.09,0,false,base
FMCAD08/Int/memory1/DRAGON_2_e7_25_e3_829.lus,Unsafe,,0.037,0,2,42.27,0.53,0.13,40,false,base
FMCAD08/Int/memory1/FIREFLY_4.lus,Safe,1,0.050,2,27,45.51,0.52,0.08,0,false,base
FMCAD08/Int/memory1/FIREFLY_1_e1_1092_e2_1853.lus,Safe,1,0.044,2,20,46.38,0.52,0.07,0,false,base
FMCAD08/Int/memory1/FIREFLY_4_e3_3511_e1_2375.lus,Unsafe,10 4,0.761,2,532,50.13,1.28,0.79,40,false,base
FMCAD08/Int/memory1/DRAGON_2_e7_25_e1_154.lus,Unsafe,,0.025,0,2,21.29,0.53,0.09,40,false,base
FMCAD08/Int/memory1/DRAGON_1_e1_14612_e1_268_e7_501.lus,Safe,2,0.098,2,41,35.01,0.62,0.14,0,false,base
FMCAD08/Int/memory1/DRAGON_all.lus,Safe,5,0.232,2,92,59.16,0.73,0.28,0,false,base
FMCAD08/Int/memory1/FIREFLY_luke_1b_e3_671.lus,Unsafe,0,0.043,1,9,44.09,0.52,0.08,40,false,base
FMCAD08/Int/memory1/FIREFLY_all_e3_1600_e5_84.lus,Unsafe,0,0.059,1,17,35.02,0.54,0.10,40,false,base
FMCAD08/Int/memory1/FIREFLY_luke_rt_e1_913_e2_3353.lus,Safe,1,0.053,2,27,34.47,0.64,0.11,0,false,base
FMCAD08/Int/memory1/FIREFLY_a3_e2_2952.lus,Safe,4,0.108,2,73,44.08,0.64,0.15,0,false,base
FMCAD08/Int/memory1/DRAGON_1_e1_3184_e7_1888.lus,Safe,1,0.062,2,25,19.67,0.54,0.11,0,false,base
FMCAD08/Int/memory1/FIREFLY_luke_1a_e2_284_e3_3091.lus,Timeout,,,,,,,,,true,base
FMCAD08/Int/memory1/FIREFLY_7.lus,Safe,31 19 8 3 1,35.227,6,15490,103.36,35.74,34.82,0,false,base
FMCAD08/Int/memory1/FIREFLY_all_e3_3496.lus,Unsafe,5,0.163,1,90,47.79,0.63,0.20,40,false,base
FMCAD08/Int/memory1/DRAGON_14_e3_1259_e1_5798.lus,Timeout,,,,,,,,,true,base
FMCAD08/Int/memory1/FIREFLY_luke_1b_e7_2574.lus,Unsafe,,0.019,0,2,43.76,0.53,0.06,40,false,base
FMCAD08/Int/memory1/FIREFLY_5_e2_2884_e3_1882.lus,Safe,1,0.046,2,25,46.22,0.54,0.09,0,false,base
FMCAD08/Int/memory1/DRAGON_3.lus,Safe,1,0.108,2,27,47.53,0.63,0.16,0,false,base
FMCAD08/Int/memory1/FIREFLY_11_e3_2076_e1_1270.lus,Timeout,,,,,,,,,true,base
FMCAD08/Int/memory1/DRAGON_4_e2_2799_e1_1303.lus,Safe,36 31 23 12,3.283,5,2902,57.17,3.74,3.30,0,false,base
FMCAD08/Int/memory1/DRAGON_1_e3_11891_e7_4569_e4_4881.lus,Safe,1,0.065,2,25,53.66,0.52,0.11,0,false,base
FMCAD08/Int/memory1/DRAGON_14.lus,Timeout,,,,,,,,,true,base
FMCAD08/Int/memory1/FIREFLY_3_e2_2236_e2_1058.lus,Safe,2,0.063,2,41,46.43,0.52,0.09,0,false,base
FMCAD08/Int/memory1/FIREFLY_5_e2_2884_e7_3594.lus,Safe,1,0.046,2,25,19.41,0.54,0.10,0,false,base
FMCAD08/Int/memory1/DRAGON_2_e2_3183_e2_3580.lus,Safe,1,0.062,2,22,44.95,0.53,0.11,0,false,base
FMCAD08/Int/memory1/DRAGON_13_e7_2336_e7_685.lus,Unsafe,,0.024,0,2,54.64,0.52,0.08,40,false,base
FMCAD08/Int/memory1/DRAGON_2_e7_25.lus,Unsafe,,0.024,0,2,42.04,0.52,0.09,40,false,base
FMCAD08/Int/memory1/DRAGON_11_e1_2450_e7_5791.lus,Unsafe,,0.025,0,2,21.39,0.55,0.09,40,false,base
FMCAD08/Int/memory1/FIREFLY_4_e3_3511_e2_1923.lus,Safe,3 2,0.123,3,101,46.92,0.64,0.16,0,false,base
FMCAD08/Int/memory1/FIREFLY_2_e3_151_e3_1540.lus,Unsafe,0,0.061,1,22,41.91,0.54,0.10,40,false,base
FMCAD08/Int/memory1/FIREFLY_luke_5.lus,Timeout,,,,,,,,,true,base
FMCAD08/Int/memory1/DRAGON_all2_e3_4612_e4_3719.lus,Timeout,,,,,,,,,true,base
FMCAD08/Int/memory1/DRAGON_all2_e8_4626.lus,Unsafe,,0.027,0,2,51.91,0.52,0.10,40,false,base
FMCAD08/Int/memory1/FIREFLY_luke_1b_e7_3191_e1_1303.lus,Unsafe,,0.022,0,2,34.85,0.54,0.10,40,false,base
FMCAD08/Int/memory1/FIREFLY_luke_1b.lus,Safe,1,0.046,2,22,43.72,0.54,0.08,0,false,base
FMCAD08/Int/memory1/DRAGON_2.lus,Safe,1,0.061,2,22,57.61,0.52,0.12,0,false,base
FMCAD08/Int/memory1/DRAGON_all2_e7_5406.lus,Unsafe,,0.029,0,2,69.63,0.52,0.10,40,false,base
FMCAD08/Int/memory1/FIREFLY_a3_e3_314_e4_897.lus,Unsafe,13 6,1.037,2,740,50.29,1.46,1.06,40,false,base
FMCAD08/Int/memory1/FIREFLY_all_e2_3678.lus,Unsafe,0,0.060,1,15,43.82,0.52,0.10,40,false,base
FMCAD08/Int/memory1/DRAGON_4_e2_2799_e2_2251.lus,Safe,38 33 28 18 9,4.970,6,3812,59.90,5.51,4.97,0,false,base
FMCAD08/Int/memory1/FIREFLY_6.lus,Safe,10 8 5,0.440,4,512,48.71,0.94,0.46,0,false,base
FMCAD08/Int/memory1/FIREFLY_all.lus,Safe,1 0,0.225,3,172,48.79,0.73,0.25,0,false,base
FMCAD08/Int/memory1/DRAGON_9_e7_1843.lus,Safe,2,0.097,2,39,54.89,0.63,0.14,0,false,base
FMCAD08/Int/memory1/DRAGON_8.lus,Safe,96 95 7 4,289.526,5,23865,385.23,290.01,288.72,0,false,base
FMCAD08/Int/memory1/DRAGON_10_e7_3861_e2_1020.lus,Unsafe,,0.024,0,2,54.89,0.53,0.08,40,false,base
FMCAD08/Int/memory1/FIREFLY_6_e2_3302.lus,Safe,11 8 5,0.520,4,587,48.46,0.94,0.55,0,false,base
FMCAD08/Int/memory1/DRAGON_3_e1_4783_e1_3755.lus,Safe,1,0.071,2,25,54.29,0.52,0.12,0,false,base
FMCAD08/Int/memory1/FIREFLY_all_e2_2924_e2_1767.lus,Unsafe,3,0.123,1,58,47.82,0.63,0.16,40,false,base
FMCAD08/Int/memory1/DRAGON_all_e7_4065.lus,Unsafe,,0.024,0,2,47.44,0.52,0.09,40,false,base
FMCAD08/Int/memory1/FIREFLY_luke_1a_e2_284_e7_998.lus,Unsafe,3 2,0.130,2,76,47.46,0.62,0.16,40,false,base
FMCAD08/Int/memory1/DRAGON_10_e3_3429.lus,Safe,1,0.060,2,24,54.64,0.53,0.11,0,false,base
FMCAD08/Int/memory1/FIREFLY_luke_1b_e7_3191_e2_1864.lus,Unsafe,,0.020,0,2,46.23,0.52,0.06,40,false,base
FMCAD08/Int/memory1/DRAGON_13_e3_1418_e3_2761.lus,Timeout,6,0.205,1,92,423.43,302.25,1.31,1,true,base
FMCAD08/Int/memory1/DRAGON_10_e1_3587_e3_2749.lus,Safe,2,0.086,2,39,35.07,0.53,0.14,0,false,base
FMCAD08/Int/memory1/FIREFLY_a3_e1_3233_e2_2392.lus,Safe,4,0.111,2,73,47.42,0.64,0.16,0,false,base
FMCAD08/Int/memory1/DRAGON_10_e3_144_e7_523.lus,Unsafe,,0.022,0,2,24.39,0.54,0.09,40,false,base
FMCAD08/Int/memory1/DRAGON_14_e3_5120.lus,Timeout,,,,,,,,,true,base
FMCAD08/Int/memory1/DRAGON_6.lus,Safe,1,0.060,2,25,42.11,0.52,0.11,0,false,base
FMCAD08/Int/memory1/FIREFLY_luke_1b_e7_3191_e7_2146.lus,Unsafe,,0.051,0,2,41.77,0.54,0.10,40,false,base
FMCAD08/Int/memory1/FIREFLY_luke_3_e1_2217_e3_1200.lus,Safe,26 23 20 17 8,2.115,6,2185,53.28,2.60,2.12,0,false,base
FMCAD08/Int/memory1/FIREFLY_luke_rt_e2_3460_e7_471.lus,Unsafe,,0.020,0,2,21.18,0.54,0.11,40,false,base
FMCAD08/Int/memory1/DRAGON_11_e1_2450_e3_2330.lus,Timeout,,,,,,,,,true,base
FMCAD08/Int/memory1/DRAGON_5.lus,Safe,9 7 4,0.457,4,378,49.36,0.94,0.50,0,false,base
FMCAD08/Int/memory1/FIREFLY_8_e2_1711_e2_2673.lus,Safe,1,0.045,2,24,43.98,0.52,0.07,0,false,base
FMCAD08/Int/memory1/DRAGON_all2.lus,Timeout,,,,,,,,,true,base
FMCAD08/Int/memory1/DRAGON_11_e3_382_e4_4421.lus,Timeout,,,,,,,,,true,base
FMCAD08/Int/memory1/FIREFLY_all_e1_3406.lus,Unsafe,2,0.099,1,42,47.45,0.64,0.15,40,false,base
FMCAD08/Int/memory1/DRAGON_6_e7_5046_e7_3623.lus,Safe,1,0.063,2,25,34.85,0.54,0.14,0,false,base
FMCAD08/Int/memory1/FIREFLY_luke_1b_e1_1139_e1_1565.lus,Unsafe,0,0.043,1,9,43.52,0.53,0.09,40,false,base
FMCAD08/Int/memory1/FIREFLY_luke_1a_e2_284_e2_2755.lus,Timeout,,,,,,,,,true,base
FMCAD08/Int/memory1/FIREFLY_a3_e2_2086_e1_3235.lus,Safe,4,0.107,2,69,45.92,0.52,0.14,0,false,base
FMCAD08/Int/memory1/FIREFLY_luke_rt_e2_3460_e3_1333.lus,Unsafe,0,0.043,1,9,45.51,0.52,0.08,40,false,base
FMCAD08/Int/memory1/DRAGON_all_e3_5957.lus,Safe,5,0.178,2,86,47.54,0.62,0.23,0,false,base
FMCAD08/Int/memory1/DRAGON_2_e2_3183_e1_2644.lus,Safe,1,0.064,2,22,57.65,0.54,0.11,0,false,base
FMCAD08/Int/memory1/DRAGON_12.lus,Safe,23 20 16 8,2.291,5,1879,54.85,2.82,2.35,0,false,base
FMCAD08/Int/memory1/DRAGON_all2_e7_5406_e2_3084.lus,Unsafe,,0.029,0,2,53.00,0.52,0.10,40,false,base
FMCAD08/Int/memory1/DRAGON_9_e7_1843_e1_5434.lus,Safe,2,0.094,2,41,41.91,0.62,0.14,0,false,base
FMCAD08/Int/memory1/FIREFLY_3_e2_2236.lus,Safe,1,0.045,2,25,43.97,0.52,0.08,0,false,base
FMCAD08/Int/memory1/DRAGON_14_e7_3162_e2_753.lus,Unsafe,21 12,1.103,2,732,51.29,1.56,1.15,40,false,base
FMCAD08/Int/memory1/DRAGON_4_e3_4133.lus,Safe,15 10 5 1 0,3.857,6,3393,59.43,4.36,3.85,0,false,base
FMCAD08/Int/memory1/DRAGON_11_e1_2450_e1_5887.lus,Timeout,,,,,,,,,true,base
FMCAD08/Int/memory1/DRAGON_14_e2_3606.lus,Timeout,,,,,,,,,true,base
FMCAD08/Int/memory1/FIREFLY_a3_e1_3233_e3_2970.lus,Safe,4,0.116,2,73,47.67,0.62,0.15,0,false,base
FMCAD08/Int/memory1/FIREFLY_a3_e3_314_e2_2812.lus,Safe,1 0,0.189,3,157,47.42,0.64,0.22,0,false,base
FMCAD08/Int/memory1/DRAGON_all_e3_4821_e5_1536.lus,Safe,4,0.157,2,69,47.92,0.63,0.21,0,false,base
FMCAD08/Int/memory1/FIREFLY_luke_4.lus,Timeout,,,,,,,,,true,base
FMCAD08/Int/memory1/DRAGON_11.lus,Timeout,,,,,,,,,true,base
FMCAD08/Int/memory1/FIREFLY_all_e1_1207_e2_3220.lus,Safe,1 0,0.264,3,170,47.59,0.74,0.29,0,false,base
FMCAD08/Int/memory1/FIREFLY_luke_4_e2_325.lus,Timeout,,,,,,,,,true,base
FMCAD08/Int/memory1/DRAGON_8_e2_3896_e3_3125.lus,Safe,32 31 7 4,6.215,5,2968,65.10,6.77,6.18,0,false,base
FMCAD08/Int/memory1/DRAGON_3_e7_4884.lus,Unsafe,,0.024,0,2,54.14,0.52,0.09,40,false,base
FMCAD08/Int/memory1/FIREFLY_luke_1b_e1_1139_e3_1839.lus,Unsafe,0,0.055,1,17,45.86,0.54,0.10,40,false,base
FMCAD08/Int/memory1/FIREFLY_4_e3_3511_e3_422.lus,Safe,3 2,0.125,3,106,47.04,0.64,0.16,0,false,base
FMCAD08/Int/memory1/FIREFLY_8_e2_1711_e1_1489.lus,Safe,1,0.050,2,24,34.33,0.53,0.10,0,false,base
FMCAD08/Int/memory1/DRAGON_all_e1_4022_e7_2886.lus,Unsafe,,0.025,0,2,21.55,0.53,0.09,40,false,base
FMCAD08/Int/memory1/FIREFLY_all_e3_1600_e4_2415.lus,Unsafe,1,0.081,1,31,44.05,0.53,0.12,40,false,base
FMCAD08/Int/memory1/FIREFLY_5.lus,Safe,2,0.061,2,41,26.88,0.53,0.09,0,false,base
FMCAD08/Int/memory1/FIREFLY_1.lus,Safe,1,0.043,2,20,46.10,0.53,0.08,0,false,base
FMCAD08/Int/memory1/FIREFLY_4_e3_3511_e7_3568.lus,Unsafe,,0.019,0,2,46.14,0.55,0.07,40,false,base
FMCAD08/Int/memory1/FIREFLY_5_e2_2229.lus,Safe,1,0.047,2,25,45.07,0.53,0.08,0,false,base
FMCAD08/Int/memory1/DRAGON_all2_e3_4612_e5_3642.lus,Timeout,,,,,,,,,true,base
FMCAD08/Int/memory1/DRAGON_5_e2_3018_e2_936.lus,Safe,9 7 4,0.468,4,385,49.36,0.94,0.50,0,false,base
FMCAD08/Int/memory1/FIREFLY_luke_2.lus,Safe,10 8 5,0.450,4,527,48.09,0.94,0.47,0,false,base
FMCAD08/Int/memory1/FIREFLY_all_e1_1207_e3_1928.lus,Unsafe,1,0.076,1,27,44.43,0.54,0.12,40,false,base
FMCAD08/Int/memory1/FIREFLY_all_e1_1207_e7_156.lus,Unsafe,,0.020,0,2,44.17,0.53,0.07,40,false,base
FMCAD08/Int/memory1/DRAGON_9_e7_1843_e3_5316.lus,Safe,1,0.063,2,25,47.95,0.63,0.11,0,false,base
FMCAD08/Int/memory1/FIREFLY_4_e3_3511_e5_3248.lus,Safe,3 2,0.121,3,101,47.42,0.63,0.15,0,false,base
FMCAD08/Int/memory1/FIREFLY_1_e1_1092_e7_1119.lus,Unsafe,,0.019,0,2,45.73,0.52,0.06,40,false,base
FMCAD08/Int/memory1/FIREFLY_a3_e2_2086_e2_2689.lus,Safe,4,0.111,2,73,45.83,0.52,0.14,0,false,base
FMCAD08/Int/memory1/DRAGON_14_e7_3162_e1_3998.lus,Unsafe,13 5,0.753,2,494,51.11,1.25,0.80,40,false,base
FMCAD08/Int/memory1/DRAGON_12_e2_1618_e2_138.lus,Safe,35 31 27 20 9,4.760,6,3642,59.62,5.31,4.77,0,false,base
FMCAD08/Int/memory1/DRAGON_12_e1_4640_e7_128.lus,Unsafe,,0.024,0,2,52.55,0.56,0.09,40,false,base
FMCAD08/Int/memory1/DRAGON_all2_e8_5504_e7_579.lus,Unsafe,,0.027,0,2,51.14,0.53,0.10,40,false,base
FMCAD08/Int/memory1/DRAGON_5_e1_1835.lus,Safe,9 7 4,0.565,4,398,49.38,1.06,0.60,0,false,base
FMCAD08/Int/memory1/FIREFLY_u1_e7_3318.lus,Unsafe,0,0.057,1,15,27.20,0.54,0.13,40,false,base
FMCAD08/Int/memory1/DRAGON_13_e7_2336.lus,Unsafe,,0.023,0,2,39.77,0.52,0.10,40,false,base
FMCAD08/Int/memory1/DRAGON_11_e1_2450_e2_1483.lus,Timeout,,,,,,,,,true,base
FMCAD08/Int/memory1/DRAGON_5_e7_2017_e3_1763.lus,Unsafe,2,0.145,1,42,47.77,0.62,0.20,40,false,base
FMCAD08/Int/memory1/DRAGON_12_e2_1618_e7_4732.lus,Unsafe,,0.024,0,2,56.39,0.54,0.08,40,false,base
FMCAD08/Int/memory1/FIREFLY_luke_rt_e1_913_e3_2128.lus,Unsafe,0,0.060,1,22,21.40,0.53,0.11,40,false,base
FMCAD08/Int/memory1/FIREFLY_4_e3_3511.lus,Safe,2,0.075,2,43,45.64,0.52,0.10,0,false,base
FMCAD08/Int/memory1/DRAGON_2_e2_3183_e3_5972.lus,Safe,1,0.061,2,22,51.90,0.52,0.11,0,false,base
FMCAD08/Int/memory1/DRAGON_11_e1_2450.lus,Timeout,,,,,,,,,true,base
FMCAD08/Int/memory1/DRAGON_4_e7_2329_e3_4574.lus,Unsafe,0,0.061,1,9,21.53,0.52,0.11,40,false,base
FMCAD08/Int/memory1/FIREFLY_luke_rt_e2_3460_e1_1455.lus,Safe,1,0.052,2,27,47.08,0.66,0.10,0,false,base
FMCAD08/Int/memory1/DRAGON_4_e2_2799_e7_2499.lus,Unsafe,4,0.196,1,66,55.84,0.75,0.25,40,false,base
FMCAD08/Int/memory1/DRAGON_13.lus,Safe,17 12 9 7 5 4 3 2 1 0,28.277,11,16282,95.40,28.75,27.97,0,false,base
FMCAD08/Int/memory1/FIREFLY_luke_1b_e3_671_e4_147.lus,Unsafe,0,0.042,1,9,44.11,0.52,0.08,40,false,base
FMCAD08/Int/memory1/DRAGON_13_e7_2336_e2_1255.lus,Unsafe,,0.024,0,2,40.85,0.54,0.08,40,false,base
FMCAD08/Int/memory1/FIREFLY_luke_rt_e2_3460.lus,Unsafe,0,0.064,1,22,44.00,0.52,0.10,40,false,base
FMCAD08/Int/memory1/FIREFLY_9_e7_170_e3_3647.lus,Safe,1,0.050,2,27,45.87,0.52,0.08,0,false,base
FMCAD08/Int/memory1/DRAGON_all2_e3_4612_e8_5861.lus,Unsafe,,0.028,0,2,51.25,0.52,0.10,40,false,base
FMCAD08/Int/memory1/DRAGON_all_e1_4022_e3_3628.lus,Safe,4,0.160,2,67,47.79,0.63,0.21,0,false,base
FMCAD08/Int/memory1/DRAGON_all2_e7_5406_e3_506.lus,Unsafe,,0.028,0,2,47.39,0.56,0.11,40,false,base
FMCAD08/Int/memory1/FIREFLY_all_e2_2924_e1_768.lus,Safe,5,0.127,2,85,47.16,0.63,0.16,0,false,base
FMCAD08/Int/memory1/FIREFLY_8_e2_1711_e3_1753.lus,Safe,1,0.044,2,24,45.59,0.52,0.07,0,false,base
FMCAD08/Int/memory1/DRAGON_1_e2_1997.lus,Safe,2,0.088,2,43,43.42,0.63,0.14,0,false,base
FMCAD08/Int/memory1/FIREFLY_4_e3_3511_e4_1464.lus,Unsafe,10 4,0.585,2,473,48.74,1.05,0.61,40,false,base
FMCAD08/Int/memory1/DRAGON_7_e2_2872_e2_5844.lus,Safe,3,0.117,2,58,47.98,0.64,0.17,0,false,base
FMCAD08/Int/memory1/DRAGON_1_e1_5070.lus,Safe,1,0.061,2,25,32.66,0.53,0.12,0,false,base
FMCAD08/Int/memory1/DRAGON_10_e3_144_e5_2046.lus,Safe,2,0.087,2,39,46.05,0.64,0.14,0,false,base
FMCAD08/Int/memory1/FIREFLY_all_e3_1600_e2_676.lus,Unsafe,0,0.046,1,9,43.70,0.53,0.09,40,false,base
FMCAD08/Int/memory1/DRAGON_all2_e2_2073_e8_3691.lus,Unsafe,,0.029,0,2,69.62,0.52,0.10,40,false,base
FMCAD08/Int/memory1/DRAGON_4_e3_1540_e1_5048.lus,Safe,29 25 19 10,2.717,5,2405,56.98,3.24,2.73,0,false,base
FMCAD08/Int/memory1/DRAGON_13_e7_2336_e3_3117.lus,Unsafe,,0.024,0,2,29.02,0.53,0.11,40,false,base
FMCAD08/Int/memory1/FIREFLY_a3_e3_314_e1_1979.lus,Unsafe,9 4,0.723,2,508,49.67,1.15,0.75,40,false,base
FMCAD08/Int/memory1/FIREFLY_u1_e2_3403_e2_957.lus,Safe,36 32 28 23 15 8,5.117,7,4477,60.15,5.62,5.08,0,false,base
FMCAD08/Int/memory1/FIREFLY_luke_1a.lus,Timeout,,,,,,,,,true,base
FMCAD08/Int/memory1/FIREFLY_rt_e3_1770_e2_637.lus,Safe,10 8 5,0.549,4,602,49.11,1.04,0.56,0,false,base
FMCAD08/Int/memory1/DRAGON_14_e7_3162_e3_4298.lus,Unsafe,16 9,0.862,2,532,50.24,1.35,0.90,40,false,base
FMCAD08/Int/memory1/DRAGON_1_e2_1997_e7_3613_e2_3409.lus,Safe,1,0.061,2,25,53.03,0.52,0.11,0,false,base
FMCAD08/Int/memory1/FIREFLY_luke_1b_e3_671_e7_1882.lus,Unsafe,,0.020,0,2,46.73,0.52,0.06,40,false,base
FMCAD08/Int/memory1/DRAGON_all2_e3_4612_e3_1543.lus,Timeout,,,,,,,,,true,base
FMCAD08/Int/memory1/DRAGON_7_e7_3157_e2_2082.lus,Safe,3,0.130,2,60,47.61,0.62,0.18,0,false,base
FMCAD08/Int/memory1/FIREFLY_luke_1b_e1_1691.lus,Unsafe,0,0.045,1,9,21.18,0.52,0.08,40,false,base
FMCAD08/Int/memory1/FIREFLY_all_e2_2924_e3_3946.lus,Unsafe,2,0.096,1,42,45.71,0.52,0.13,40,false,base
FMCAD08/Int/memory1/FIREFLY_luke_1b_e2_3049_e2_698.lus,Unsafe,0,0.042,1,9,46.27,0.52,0.08,40,false,base
FMCAD08/Int/memory1/FIREFLY_5_e2_2884_e2_1492.lus,Safe,2,0.063,2,41,43.97,0.52,0.09,0,false,base
FMCAD08/Int/memory1/FIREFLY_luke_1a_e7_3042_e3_1213.lus,Timeout,"61 59 57 54 52 49 47 45 43 41 40 39
                                            38 37 36",190.424,15,45903,250.94,300.22,69.13,30,true,base
FMCAD08/Int/memory1/DRAGON_3_e3_3846.lus,Safe,1,0.067,2,25,53.28,0.52,0.12,0,false,base
FMCAD08/Int/memory1/FIREFLY_5_e1_2552_e7_1169.lus,Safe,1,0.047,2,25,46.65,0.53,0.08,0,false,base
FMCAD08/Int/memory1/FIREFLY_3_e2_2236_e1_2305.lus,Safe,1,0.046,2,25,44.25,0.52,0.07,0,false,base
FMCAD08/Int/memory1/FIREFLY_all_e3_1600_e3_2055.lus,Unsafe,0,0.064,1,18,44.20,0.52,0.10,40,false,base
FMCAD08/Int/memory1/FIREFLY_luke_1b_e2_3049_e1_946.lus,Safe,1,0.045,2,22,45.91,0.53,0.08,0,false,base
FMCAD08/Int/memory1/FIREFLY_1_e1_1092.lus,Unsafe,0,0.052,1,15,44.07,0.53,0.09,40,false,base
FMCAD08/Int/memory1/DRAGON_10.lus,Safe,2,0.084,2,39,41.40,0.52,0.13,0,false,base
FMCAD08/Int/simulation/metros_4_e1_917.lus,Timeout,69 66 53 41 38 34,225.396,6,40529,254.51,300.23,76.43,30,true,base
FMCAD08/Int/simulation/metros_1_e1_846_e2_1394.lus,Safe,7 4 2,0.946,4,1003,51.52,1.35,0.94,0,false,base
FMCAD08/Int/simulation/car_4_e7_592_e7_265.lus,Safe,2,0.044,2,34,46.25,0.52,0.06,0,false,base
FMCAD08/Int/simulation/car_all_e8_856.lus,Safe,5 2,0.285,3,355,47.95,0.73,0.29,0,false,base
FMCAD08/Int/simulation/PRODUCER_CONSUMER_all.lus,Safe,2,0.053,2,41,46.10,0.52,0.07,0,false,base
FMCAD08/Int/simulation/car_4_e3_57_e6_784.lus,Safe,2,0.045,2,39,46.00,0.55,0.07,0,false,base
FMCAD08/Int/simulation/metros_2_e1_190.lus,Safe,16 13 11 9 8 7 6 5 4 3 2 1 0,69.065,14,27779,128.04,69.57,68.42,0,false,base
FMCAD08/Int/simulation/metros_4_e3_1025.lus,Timeout,7 3 2,0.832,3,838,389.07,302.27,1.25,1,true,base
FMCAD08/Int/simulation/car_3_e8_33_e1_856.lus,Unsafe,0,0.043,1,9,20.58,0.53,0.08,40,false,base
FMCAD08/Int/simulation/car_5_e7_244_e2_693.lus,Unsafe,8 1,0.474,2,373,48.64,0.94,0.49,40,false,base
FMCAD08/Int/simulation/metros_4_e2_968_e5_991.lus,Timeout,34 32 25 15 13 12 11 10 9 8 7 6 5 4,290.240,14,37276,197.04,302.28,1.30,1,true,base
FMCAD08/Int/simulation/PRODUCER_CONSUMER_3.lus,Safe,1,0.035,2,22,46.45,0.52,0.05,0,false,base
FMCAD08/Int/simulation/metros_1_e1_846_e1_1317.lus,Safe,13 11,0.471,3,448,48.84,0.95,0.49,0,false,base
FMCAD08/Int/simulation/car_all_e3_1068_e4_275.lus,Safe,3 1,0.199,3,242,46.65,0.62,0.21,0,false,base
FMCAD08/Int/simulation/PRODUCER_CONSUMER_vt_e7_1059_e8_1111.lus,Timeout,,,,,,,,,true,base
FMCAD08/Int/simulation/metros_4_e1_821_e5_911.lus,Timeout,,,,,,,,,true,base
FMCAD08/Int/simulation/car_3_e7_626.lus,Safe,2 1,0.080,3,99,46.27,0.52,0.10,0,false,base
FMCAD08/Int/simulation/PRODUCER_CONSUMER_vt.lus,Timeout,,,,,,,,,true,base
FMCAD08/Int/simulation/metros_4.lus,Timeout,,,,,,,,,true,base
FMCAD08/Int/simulation/car_2_e8_491_e7_826.lus,Safe,3 2,0.076,3,95,45.75,0.52,0.09,0,false,base
FMCAD08/Int/simulation/car_all.lus,Safe,4 1,0.260,3,323,48.06,0.73,0.26,0,false,base
FMCAD08/Int/simulation/car_all_e8_856_e3_180.lus,Unsafe,,0.014,0,2,20.25,0.42,0.04,40,false,base
FMCAD08/Int/simulation/metros_3.lus,Timeout,,,,,,,,,true,base
FMCAD08/Int/simulation/car_5_e2_405_e8_1055.lus,Unsafe,8 1,0.518,2,391,48.27,0.94,0.53,40,false,base
FMCAD08/Int/simulation/metros_1_e8_725_e3_556.lus,Safe,1 0,0.157,3,151,46.89,0.63,0.17,0,false,base
FMCAD08/Int/simulation/metros_4_e3_1091_e3_522.lus,Safe,10 7,0.383,3,354,48.69,0.83,0.39,0,false,base
FMCAD08/Int/simulation/metros_2_e2_704_e7_810.lus,Unsafe,20 9 3,2.742,3,1880,58.66,3.22,2.73,40,false,base
FMCAD08/Int/simulation/metros_4_e2_968_e6_236.lus,Unsafe,42 8,27.338,2,6827,99.01,27.84,27.02,40,false,base
FMCAD08/Int/simulation/metros_2_e1_1116_e1_556.lus,Unsafe,50 36 27 19 14 6,40.387,6,14295,115.19,40.91,39.96,40,false,base
FMCAD08/Int/simulation/metros_2_e2_704_e1_389.lus,Unsafe,24 16 10 6 2,6.114,5,3927,68.29,6.54,6.03,40,false,base
FMCAD08/Int/simulation/car_6_e2_589_e2_506.lus,Unsafe,11 2,0.526,2,459,48.48,0.94,0.54,40,false,base
FMCAD08/Int/simulation/speed_e7_207.lus,Safe,0,0.026,2,12,44.09,0.52,0.04,0,false,base
FMCAD08/Int/simulation/metros_3_e3_1275_e1_1350.lus,Timeout,18 16 13 12 11 10 9 8 7 6 5 3,52.494,12,20189,322.87,300.23,88.76,30,true,base
FMCAD08/Int/simulation/metros_1_e1_846_e7_397.lus,Safe,4 1 0,0.997,4,1087,52.37,1.46,0.98,0,false,base
FMCAD08/Int/simulation/metros_2_e2_968.lus,Unsafe,50 37 28 21 16 13 10 7 3,45.466,9,14838,116.84,45.93,44.88,40,false,base
FMCAD08/Int/simulation/cd_e7_621_e7_669.lus,Unsafe,9 8 7 6 5 4 2 0,1.279,8,1814,52.01,1.79,1.29,40,false,base
FMCAD08/Int/simulation/car_all_e3_1068_e3_163.lus,Unsafe,,0.014,0,2,32.55,0.52,0.04,40,false,base
FMCAD08/Int/simulation/metros_2_e2_704_e2_13.lus,Safe,6 5 2,0.812,4,919,50.79,1.25,0.80,0,false,base
FMCAD08/Int/simulation/metros_4_e5_1150.lus,Timeout,,,,,,,,,true,base
FMCAD08/Int/simulation/hysteresis_1.lus,Safe,0,0.025,2,12,44.47,0.53,0.04,0,false,base
FMCAD08/Int/simulation/metros_1_e7_606.lus,Safe,9 7 5,0.801,4,821,50.20,1.27,0.80,0,false,base
FMCAD08/Int/simulation/hysteresis_3.lus,Safe,3 2,0.112,3,129,45.62,0.64,0.12,0,false,base
FMCAD08/Int/simulation/fast_1_e8_751.lus,Safe,2 1,0.187,3,189,46.88,0.63,0.21,0,false,base
FMCAD08/Int/simulation/metros_3_e3_1275_e7_529.lus,Timeout,8 4 2,0.911,3,951,354.80,302.30,1.28,1,true,base
FMCAD08/Int/simulation/PRODUCER_CONSUMER_vt_e3_507.lus,Timeout,,,,,,,,,true,base
FMCAD08/Int/simulation/car_3_e2_695.lus,Safe,1,0.037,2,27,45.79,0.52,0.06,0,false,base
FMCAD08/Int/simulation/car_5_e2_405_e2_1083.lus,Unsafe,8 1,0.501,2,391,48.52,0.94,0.51,40,false,base
FMCAD08/Int/simulation/fast_1.lus,Safe,2 1,0.194,3,193,47.16,0.62,0.21,0,false,base
FMCAD08/Int/simulation/car_6_e2_589_e3_349.lus,Unsafe,10 1,0.561,2,454,49.13,1.04,0.57,40,false,base
FMCAD08/Int/simulation/fast_2.lus,Safe,2 1,0.299,3,277,48.04,0.73,0.31,0,false,base
FMCAD08/Int/simulation/fast_1_e8_747_e7_692.lus,Unsafe,,0.023,0,2,44.54,0.54,0.06,40,false,base
FMCAD08/Int/simulation/metros_1_e2_627.lus,Safe,2 1 0,0.753,4,742,50.73,1.25,0.76,0,false,base
FMCAD08/Int/simulation/metros_2_e2_704_e3_76.lus,Unsafe,11 6 2,1.617,3,1199,53.97,2.08,1.61,40,false,base
FMCAD08/Int/simulation/speed_e8_649.lus,Safe,0,0.025,2,12,44.34,0.53,0.04,0,false,base
FMCAD08/Int/simulation/speed2.lus,Safe,4 3,0.111,3,138,46.20,0.52,0.12,0,false,base
FMCAD08/Int/simulation/car_3_e8_33_e2_1010.lus,Safe,1,0.034,2,27,33.64,0.52,0.05,0,false,base
FMCAD08/Int/simulation/metros_3_e4_987_e2_80.lus,Timeout,"29 27 25 21 19 17 16 15 14 13 12 11
                                            10 9 8 7 6 5 4 3",280.616,20,47729,205.37,300.23,65.36,30,true,base
FMCAD08/Int/simulation/car_4_e8_118_e3_514.lus,Unsafe,,0.013,0,2,32.41,0.52,0.04,40,false,base
FMCAD08/Int/simulation/fast_1_e7_2044.lus,Unsafe,,0.023,0,2,34.30,0.53,0.06,40,false,base
FMCAD08/Int/simulation/metros_4_e2_968.lus,Timeout,5 3 1,0.437,3,463,357.00,302.27,1.27,1,true,base
FMCAD08/Int/simulation/metros_2.lus,Safe,"125 123 120 117 112 106 98 88 76 62
                                            45 23",95.707,13,33027,144.46,96.17,94.76,0,false,base
FMCAD08/Int/simulation/car_6_e3_294_e5_979.lus,Unsafe,17 4,1.111,2,853,50.91,1.58,1.12,40,false,base
FMCAD08/Int/simulation/metros_3_e3_1275_e5_846.lus,Unsafe,93 88 41 9,279.546,4,23967,332.52,280.03,279.20,40,false,base
FMCAD08/Int/simulation/metros_5.lus,Timeout,,,,,,,,,true,base
FMCAD08/Int/simulation/speed2_e8_449_e8_517.lus,Safe,5 3,0.125,3,145,46.21,0.62,0.13,0,false,base
FMCAD08/Int/simulation/speed2_e7_223_e8_329.lus,Safe,4 3,0.111,3,138,46.12,0.53,0.12,0,false,base
FMCAD08/Int/simulation/PRODUCER_CONSUMMER_luke_2_e7_1068_e8_1019.lus,Timeout,,,,,,,,,true,base
FMCAD08/Int/simulation/fast_2_e8_460_e8_1920.lus,Safe,1 0,0.256,3,239,47.63,0.74,0.28,0,false,base
FMCAD08/Int/simulation/speed_e7_207_e7_538.lus,Safe,0,0.026,2,12,44.34,0.53,0.04,0,false,base
FMCAD08/Int/simulation/metros_3_e3_1275_e2_454.lus,Safe,5 3,0.187,3,173,47.54,0.62,0.20,0,false,base
FMCAD08/Int/simulation/fast_2_e7_2526.lus,Unsafe,,0.026,0,2,43.41,0.53,0.06,40,false,base
FMCAD08/Int/simulation/metros_4_e3_1091_e2_1317.lus,Safe,5 3,0.189,3,173,48.00,0.62,0.20,0,false,base
FMCAD08/Int/simulation/fast_2_e7_2526_e7_2736.lus,Unsafe,,0.027,0,2,43.88,0.54,0.07,40,false,base
FMCAD08/Int/simulation/metros_4_e2_968_e7_860.lus,Unsafe,85 69 38 23 8,65.146,5,13829,149.72,65.63,64.54,40,false,base
FMCAD08/Int/simulation/car_4_e7_592_e3_442.lus,Unsafe,,0.012,0,2,32.35,0.52,0.04,40,false,base
FMCAD08/Int/simulation/car_5_e7_244.lus,Safe,57 55 51 49 47 45 43 40 38 31 21 11,58.863,13,27842,119.53,59.29,58.22,0,false,base
FMCAD08/Int/simulation/fast_1_e8_747_e8_1041.lus,Safe,2 1,0.170,3,171,47.16,0.62,0.19,0,false,base
FMCAD08/Int/simulation/speed2_e8_449.lus,Safe,1 0,0.072,3,86,33.99,0.62,0.08,0,false,base
FMCAD08/Int/simulation/car_4_e3_57.lus,Unsafe,,0.019,0,2,20.34,0.53,0.06,40,false,base
FMCAD08/Int/simulation/metros_1_e8_725_e1_919.lus,Safe,1,0.048,2,23,44.00,0.54,0.09,0,false,base
FMCAD08/Int/simulation/car_all_e1_618.lus,Unsafe,3,0.078,1,61,45.81,0.52,0.10,40,false,base
FMCAD08/Int/simulation/car_1.lus,Safe,2,0.047,2,39,46.05,0.52,0.06,0,false,base
FMCAD08/Int/simulation/metros_3_e3_1275_e4_164.lus,Timeout,5 3 1,0.437,3,463,365.19,300.24,96.50,30,true,base
FMCAD08/Int/simulation/fast_2_e8_976.lus,Safe,2 1,0.293,3,273,47.66,0.73,0.30,0,false,base
FMCAD08/Int/simulation/Gas.lus,Timeout,,,,,,,,,true,base
FMCAD08/Int/simulation/car_4_e7_592.lus,Safe,1 0,0.088,3,104,44.46,0.52,0.10,0,false,base
FMCAD08/Int/simulation/metros_4_e3_1091_e1_1044.lus,Unsafe,133 121 97 88 79 68 55 38 18,195.527,9,38351,241.48,195.99,194.32,40,false,base
FMCAD08/Int/simulation/metros_1_e2_1102_e7_1163.lus,Safe,9 7 5,0.845,4,871,51.16,1.35,0.84,0,false,base
FMCAD08/Int/simulation/cd.lus,Safe,40 37 35 33 30 26 20 11,10.169,9,10001,70.88,10.59,10.06,0,false,base
FMCAD08/Int/simulation/metros_2_e1_1116_e7_1440.lus,Unsafe,91 85 79 75 69 62 46 38 28 18 9,253.934,11,44154,235.96,254.40,252.33,40,false,base
FMCAD08/Int/simulation/PRODUCER_CONSUMER_1.lus,Safe,2,0.056,2,49,46.26,0.52,0.07,0,false,base
FMCAD08/Int/simulation/metros_4_e2_968_e4_801.lus,Timeout,37 35 27 22 19 15 13 11 9 7,264.388,10,37917,215.56,302.30,1.28,1,true,base
FMCAD08/Int/simulation/car_6.lus,Safe,31 29 25 23 20 17 15 13 10 7 6 5 2,104.724,14,33600,129.03,105.13,103.79,0,false,base
FMCAD08/Int/simulation/car_all_e3_1068_e1_178.lus,Unsafe,,0.013,0,2,32.90,0.52,0.04,40,false,base
FMCAD08/Int/simulation/metros_1_e2_1102_e3_961.lus,Safe,14 12,0.507,3,483,48.95,0.94,0.51,0,false,base
FMCAD08/Int/simulation/car_3_e1_586.lus,Unsafe,0,0.026,1,9,45.96,0.52,0.05,40,false,base
FMCAD08/Int/simulation/metros_3_e4_987_e1_1115.lus,Timeout,,,,,,,,,true,base
FMCAD08/Int/simulation/metros_1.lus,Safe,8 5 4 2,1.454,5,1569,52.66,1.87,1.43,0,false,base
FMCAD08/Int/simulation/speed2_e8_449_e7_353.lus,Safe,1 0,0.093,3,108,46.12,0.52,0.10,0,false,base
FMCAD08/Int/simulation/metros_1_e1_846_e3_1060.lus,Safe,9 7 5,0.626,4,664,49.37,1.04,0.63,0,false,base
FMCAD08/Int/simulation/metros_2_e1_1116_e2_617.lus,Safe,8 6 2,0.931,4,1047,51.41,1.36,0.92,0,false,base
FMCAD08/Int/simulation/car_5_e3_661.lus,Unsafe,8 1,0.649,2,447,48.98,1.14,0.66,40,false,base
FMCAD08/Int/simulation/car_3_e8_33_e7_220.lus,Safe,2 1,0.075,3,93,45.91,0.52,0.09,0,false,base
FMCAD08/Int/simulation/car_5_e2_405_e3_473.lus,Unsafe,8 1,0.500,2,391,48.76,0.94,0.51,40,false,base
FMCAD08/Int/simulation/car_6_e3_294_e3_47.lus,Unsafe,13 3,0.725,2,576,48.88,1.15,0.73,40,false,base
FMCAD08/Int/simulation/car_all_e3_1068_e2_13.lus,Unsafe,,0.013,0,2,32.74,0.52,0.04,40,false,base
FMCAD08/Int/simulation/metros_1_e8_725_e2_1144.lus,Safe,1,0.047,2,23,46.32,0.52,0.07,0,false,base
FMCAD08/Int/simulation/metros_1_e7_1255_e7_12.lus,Safe,14 12 9,0.888,4,930,50.84,1.35,0.88,0,false,base
FMCAD08/Int/simulation/car_6_e1_152.lus,Safe,16 15 12 10 8 6 5 2,6.011,9,6365,64.28,6.45,5.93,0,false,base
FMCAD08/Int/simulation/PRODUCER_CONSUMER_vt_e2_1352.lus,Timeout,,,,,,,,,true,base
FMCAD08/Int/simulation/car_5_e7_244_e1_823.lus,Safe,"30 28 26 24 21 20 18 15 14 10 9 6 5
                                            2",51.139,15,27858,116.52,51.61,50.46,0,false,base
FMCAD08/Int/simulation/car_all_e3_1068_e5_882.lus,Unsafe,,0.013,0,2,32.90,0.52,0.04,40,false,base
FMCAD08/Int/simulation/metros_4_e2_968_e2_1166.lus,Safe,8 6,0.289,3,279,47.66,0.75,0.30,0,false,base
FMCAD08/Int/simulation/cd_e7_8.lus,Unsafe,24 17 10 3,1.028,4,1282,50.68,1.46,1.03,40,false,base
FMCAD08/Int/simulation/car_all_e8_856_e2_585.lus,Safe,2 1,0.140,3,164,47.16,0.63,0.15,0,false,base
FMCAD08/Int/simulation/car_6_e2_893.lus,Unsafe,11 2,0.521,2,449,48.25,0.94,0.53,40,false,base
FMCAD08/Int/simulation/PRODUCER_CONSUMMER_luke_2.lus,Timeout,,,,,,,,,true,base
FMCAD08/Int/simulation/metros_1_e8_725.lus,Safe,1,0.048,2,23,45.48,0.52,0.07,0,false,base
FMCAD08/Int/simulation/car_all_e8_856_e1_217.lus,Unsafe,5,0.122,1,89,46.40,0.53,0.14,40,false,base
FMCAD08/Int/simulation/speed2_e7_223_e7_213.lus,Safe,4 3,0.111,3,140,46.61,0.65,0.14,0,false,base
FMCAD08/Int/simulation/car_2.lus,Safe,2 1,0.079,3,98,46.38,0.53,0.10,0,false,base
FMCAD08/Int/simulation/metros_1_e2_1102_e2_943.lus,Safe,13 11,0.516,3,470,48.12,1.05,0.54,0,false,base
FMCAD08/Int/simulation/metros_3_e3_1275_e6_1315.lus,Timeout,,,,,,,,,true,base
FMCAD08/Int/simulation/car_6_e1_152_e1_391.lus,Safe,15 14 12 9 8 6 5 2,4.390,9,5417,60.88,4.89,4.33,0,false,base
FMCAD08/Int/simulation/fast_1_e7_2044_e7_1287.lus,Unsafe,,0.022,0,2,43.16,0.52,0.06,40,false,base
FMCAD08/Int/simulation/metros_4_e3_1091_e4_232.lus,Unsafe,140 113 91 47,143.971,4,22510,193.31,144.43,143.11,40,false,base
FMCAD08/Int/simulation/car_3.lus,Safe,2 1,0.084,3,105,46.38,0.52,0.10,0,false,base
FMCAD08/Int/simulation/car_5.lus,Safe,49 47 44 42 40 37 34 33 28 22 14 8,66.360,13,27645,122.96,66.77,65.52,0,false,base
FMCAD08/Int/simulation/PRODUCER_CONSUMER_2.lus,Safe,1,0.038,2,28,46.29,0.52,0.06,0,false,base
FMCAD08/Int/simulation/speed_e7_207_e8_507.lus,Safe,0,0.025,2,12,19.44,0.42,0.04,0,false,base
FMCAD08/Int/simulation/metros_4_e2_968_e1_956.lus,Timeout,24 22 16 13 10 6 5 3 2,58.778,9,20572,323.33,300.23,81.69,30,true,base
FMCAD08/Int/simulation/hysteresis_all.lus,Safe,2 0,0.131,3,169,47.12,0.63,0.14,0,false,base
FMCAD08/Int/simulation/metros_2_e3_112.lus,Unsafe,89 70 21,66.992,3,15453,145.57,67.47,66.34,40,false,base
FMCAD08/Int/simulation/car_4.lus,Safe,2,0.047,2,39,45.66,0.52,0.06,0,false,base
FMCAD08/Int/simulation/hysteresis_2.lus,Safe,4 3,0.125,3,152,46.21,0.62,0.13,0,false,base
FMCAD08/Int/simulation/car_all_e7_188_e7_743.lus,Safe,5 1,0.264,3,344,48.09,0.73,0.27,0,false,base
FMCAD08/Int/simulation/fast_2_e8_460_e7_43.lus,Unsafe,,0.027,0,2,43.04,0.54,0.06,40,false,base
FMCAD08/Int/simulation/car_1_e7_184_e3_299.lus,Safe,2,0.046,2,39,44.68,0.54,0.07,0,false,base
FMCAD08/Int/simulation/car_4_e8_118.lus,Safe,1,0.066,2,25,44.26,0.53,0.08,0,false,base
FMCAD08/Int/simulation/metros_3_e4_987_e3_291.lus,Timeout,7 4 3,0.775,3,794,332.30,302.31,1.31,1,true,base
FMCAD08/Int/simulation/car_2_e7_1027_e7_359.lus,Safe,2 1,0.079,3,98,46.04,0.52,0.09,0,false,base
FMCAD08/Int/simulation/metros_3_e4_987.lus,Timeout,,,,,,,,,true,base
FMCAD08/Int/simulation/car_5_e3_11_e1_429.lus,Unsafe,8 1,0.629,2,447,49.39,1.04,0.64,40,false,base
FMCAD08/Int/simulation/car_all_e1_618_e3_303.lus,Unsafe,2,0.069,1,47,46.28,0.52,0.09,40,false,base
FMCAD08/Int/simulation/speed2_e7_496.lus,Safe,4 3,0.131,3,163,45.96,0.64,0.14,0,false,base
FMCAD08/Int/simulation/car_4_e3_57_e5_999.lus,Unsafe,,0.046,0,2,42.13,0.56,0.10,40,false,base
FMCAD08/Int/simulation/car_2_e7_1027_e1_1047.lus,Safe,2 1,0.082,3,97,45.91,0.52,0.10,0,false,base
FMCAD08/Int/simulation/metros_1_e2_1102_e1_317.lus,Safe,8 6 3,0.916,4,933,51.22,1.35,0.91,0,false,base
FMCAD08/Int/simulation/metros_2_e1_1116_e3_287.lus,Unsafe,14 4,1.487,2,868,53.72,1.98,1.49,40,false,base
FMCAD08/Int/simulation/metros_4_e2_968_e3_931.lus,Safe,8 6,0.299,3,219,47.66,0.74,0.31,0,false,base
FMCAD08/Int/simulation/car_4_e8_118_e7_178.lus,Safe,1 0,0.090,3,107,44.51,0.54,0.11,0,false,base
FMCAD08/Int/simulation/car_5_e7_244_e3_1071.lus,Unsafe,8 1,0.606,2,429,49.22,1.04,0.62,40,false,base
FMCAD08/Int/simulation/speed_e8_649_e7_709.lus,Safe,0,0.025,2,12,44.04,0.55,0.05,0,false,base
FMCAD08/Int/simulation/car_all_e8_856_e7_578.lus,Safe,5 2,0.251,3,317,47.55,0.74,0.26,0,false,base
FMCAD08/Int/simulation/metros_3_e3_1275_e3_640.lus,Safe,10 7,0.343,3,354,48.53,0.83,0.35,0,false,base
FMCAD08/Int/simulation/car_all_e2_142_e7_209.lus,Safe,3 1,0.194,3,234,46.56,0.62,0.20,0,false,base
FMCAD08/Int/simulation/car_3_e8_33.lus,Safe,2 1,0.081,3,100,45.79,0.53,0.10,0,false,base
FMCAD08/Int/simulation/car_5_e3_11_e5_24.lus,Unsafe,8 1,0.632,2,447,49.18,1.06,0.66,40,false,base
FMCAD08/Int/simulation/car_4_e3_57_e4_1047.lus,Safe,1,0.034,2,25,46.01,0.53,0.05,0,false,base
FMCAD08/Int/simulation/car_all_e2_142.lus,Safe,3 1,0.201,3,242,47.02,0.64,0.21,0,false,base
FMCAD08/Int/simulation/metros_3_e3_1275.lus,Timeout,7 3 2,0.836,3,838,395.26,300.24,102.84,30,true,base
FMCAD08/Int/simulation/PRODUCER_CONSUMMER_luke_1.lus,Unsafe,,0.013,0,2,33.05,0.52,0.04,40,false,base
FMCAD08/Int/simulation/car_6_e3_294_e1_956.lus,Unsafe,10 1,0.657,2,492,49.53,1.14,0.66,40,false,base
FMCAD08/Int/simulation/car_3_e7_626_e1_305.lus,Unsafe,0,0.026,1,9,46.03,0.52,0.05,40,false,base
FMCAD08/Int/simulation/metros_5_e4_1208_e1_337.lus,Timeout,,,,,,,,,true,base
FMCAD08/Int/simulation/car_all_e3_1068.lus,Unsafe,,0.013,0,2,20.50,0.42,0.04,40,false,base
FMCAD08/Int/memory2/SYNAPSE_5_e2_1525.lus,Timeout,,,,,,,,,true,base
FMCAD08/Int/memory2/MOESI_2_e3_929_e2_2421.lus,Unsafe,,0.016,0,2,21.01,0.53,0.05,40,false,base
FMCAD08/Int/memory2/SYNAPSE_4_e8_974.lus,Safe,1,0.036,2,28,44.29,0.56,0.07,0,false,base
FMCAD08/Int/memory2/SYNAPSE_all.lus,Safe,4,0.071,2,68,46.37,0.52,0.09,0,false,base
FMCAD08/Int/memory2/MOESI_2_e7_2910_e2_611.lus,Unsafe,,0.017,0,2,32.82,0.53,0.05,40,false,base
FMCAD08/Int/memory2/MOESI_2.lus,Safe,1,0.040,2,22,46.68,0.54,0.06,0,false,base
FMCAD08/Int/memory2/ILLINOIS_2_e1_834.lus,Unsafe,,0.019,0,2,44.24,0.54,0.08,40,false,base
FMCAD08/Int/memory2/MESI_3_e1_2517_e8_2163.lus,Safe,9 7 4,0.698,4,639,51.25,1.16,0.71,0,false,base
FMCAD08/Int/memory2/MESI_i4_e8_1381_e1_1837.lus,Unsafe,4 2,0.132,2,115,47.06,0.63,0.16,40,false,base
FMCAD08/Int/memory2/MESI_1_e2_162_e7_1545.lus,Safe,1,0.037,2,27,44.32,0.53,0.06,0,false,base
FMCAD08/Int/memory2/MESI_i3_e1_447_e2_1098.lus,Unsafe,,0.013,0,2,20.89,0.53,0.05,40,false,base
FMCAD08/Int/memory2/SYNAPSE_5_e1_811.lus,Unsafe,0,0.028,1,9,46.55,0.52,0.05,40,false,base
FMCAD08/Int/memory2/SYNAPSE_123_e7_837_e2_1394.lus,Unsafe,,0.014,0,2,21.14,0.44,0.05,40,false,base
FMCAD08/Int/memory2/SYNAPSE_123_e8_953_e1_1128.lus,Unsafe,,0.015,0,2,20.89,0.54,0.05,40,false,base
FMCAD08/Int/memory2/ILLINOIS_2_e2_2367_e3_1601.lus,Unsafe,,0.018,0,2,46.14,0.52,0.06,40,false,base
FMCAD08/Int/memory2/MOESI_1_e2_982_e7_492.lus,Safe,2,0.052,2,41,46.27,0.52,0.07,0,false,base
FMCAD08/Int/memory2/MOESI_2_e3_929.lus,Safe,1,0.038,2,22,46.18,0.52,0.06,0,false,base
FMCAD08/Int/memory2/MESI_i4_e8_1381_e4_313.lus,Unsafe,4 2,0.134,2,115,46.58,0.62,0.15,40,false,base
FMCAD08/Int/memory2/MOESI_2_e1_1753_e1_1510.lus,Unsafe,,0.015,0,2,32.68,0.52,0.04,40,false,base
FMCAD08/Int/memory2/MESI_i1_e3_2145.lus,Unsafe,,0.015,0,2,44.72,0.53,0.06,40,false,base
FMCAD08/Int/memory2/MESI_all_e4_1147_e7_497.lus,Safe,3,0.062,2,56,46.12,0.53,0.09,0,false,base
FMCAD08/Int/memory2/MOESI_2_e7_2607.lus,Unsafe,,0.015,0,2,32.93,0.52,0.05,40,false,base
FMCAD08/Int/memory2/SYNAPSE_2_e8_1118_e2_237.lus,Unsafe,,0.013,0,2,32.70,0.53,0.04,40,false,base
FMCAD08/Int/memory2/MESI_i1_e3_2145_e5_2391.lus,Unsafe,,0.014,0,2,32.67,0.53,0.04,40,false,base
FMCAD08/Int/memory2/MOESI_2_e3_929_e6_2707.lus,Safe,1,0.037,2,22,46.80,0.52,0.06,0,false,base
FMCAD08/Int/memory2/SYNAPSE_4.lus,Safe,1,0.036,2,28,46.02,0.52,0.05,0,false,base
FMCAD08/Int/memory2/MESI_3_e2_819_e7_1665.lus,Unsafe,,0.020,0,2,33.26,0.52,0.05,40,false,base
FMCAD08/Int/memory2/SYNAPSE_3_e8_1329_e3_421.lus,Unsafe,0,0.040,1,21,46.32,0.52,0.06,40,false,base
FMCAD08/Int/memory2/SYNAPSE_123_e7_856.lus,Safe,3,0.056,2,46,45.50,0.55,0.08,0,false,base
FMCAD08/Int/memory2/ILLINOIS_2_e1_834_e2_3395.lus,Safe,1,0.048,2,22,41.99,0.55,0.09,0,false,base
FMCAD08/Int/memory2/MESI_i1_e3_2145_e2_2228.lus,Unsafe,,0.014,0,2,45.71,0.55,0.05,40,false,base
FMCAD08/Int/memory2/ILLINOIS_4.lus,Safe,1,0.047,2,25,32.97,0.53,0.10,0,false,base
FMCAD08/Int/memory2/MESI_i1_e3_2145_e3_977.lus,Unsafe,,0.014,0,2,20.91,0.44,0.05,40,false,base
FMCAD08/Int/memory2/ILLINOIS_3_e3_2581.lus,Unsafe,,0.019,0,2,31.89,0.53,0.07,40,false,base
FMCAD08/Int/memory2/MESI_4_e7_1140_e7_433.lus,Safe,2 1,0.099,3,111,42.82,0.54,0.12,0,false,base
FMCAD08/Int/memory2/MESI_all.lus,Safe,1 0,0.123,3,137,46.71,0.64,0.14,0,false,base
FMCAD08/Int/memory2/SYNAPSE_2_e8_1118_e1_667.lus,Unsafe,,0.013,0,2,32.79,0.52,0.04,40,false,base
FMCAD08/Int/memory2/MOESI_2_e7_2910_e1_1021.lus,Unsafe,,0.015,0,2,21.18,0.42,0.04,40,false,base
FMCAD08/Int/memory2/SYNAPSE_123_e3_302_e1_1141.lus,Unsafe,0,0.030,1,9,46.34,0.55,0.06,40,false,base
FMCAD08/Int/memory2/SYNAPSE_all_e7_907.lus,Safe,4,0.065,2,58,46.34,0.52,0.08,0,false,base
FMCAD08/Int/memory2/SYNAPSE_123_e8_953_e3_271.lus,Unsafe,2,0.073,1,44,43.85,0.52,0.11,40,false,base
FMCAD08/Int/memory2/SYNAPSE_2_e8_656.lus,Safe,1,0.033,2,20,42.54,0.54,0.07,0,false,base
FMCAD08/Int/memory2/SYNAPSE_3_e1_1416_e2_753.lus,Unsafe,,0.014,0,2,20.99,0.44,0.04,40,false,base
FMCAD08/Int/memory2/SYNAPSE_3_e7_425.lus,Safe,1,0.035,2,22,33.94,0.54,0.06,0,false,base
FMCAD08/Int/memory2/ILLINOIS_2.lus,Safe,1,0.047,2,22,19.40,0.53,0.10,0,false,base
FMCAD08/Int/memory2/ILLINOIS_5_e7_692_e7_2865.lus,Safe,1,0.050,2,25,38.38,0.53,0.09,0,false,base
FMCAD08/Int/memory2/MOESI_2_e3_929_e3_2294.lus,Unsafe,0,0.043,1,17,46.61,0.53,0.07,40,false,base
FMCAD08/Int/memory2/MOESI_2_e3_929_e4_578.lus,Safe,1,0.038,2,22,45.42,0.54,0.06,0,false,base
FMCAD08/Int/memory2/SYNAPSE_2.lus,Safe,1,0.032,2,20,43.84,0.53,0.06,0,false,base
FMCAD08/Int/memory2/MESI_i2.lus,Unsafe,0,0.027,1,9,34.32,0.43,0.05,40,false,base
FMCAD08/Int/memory2/MESI_i1_e4_1986_e1_1519.lus,Unsafe,0,0.041,1,17,44.12,0.54,0.07,40,false,base
FMCAD08/Int/memory2/ILLINOIS_2_e2_2367_e7_2728.lus,Unsafe,,0.019,0,2,45.74,0.52,0.06,40,false,base
FMCAD08/Int/memory2/MOESI_2_e8_926_e8_2138.lus,Safe,1,0.038,2,22,46.09,0.52,0.06,0,false,base
FMCAD08/Int/memory2/SYNAPSE_5_e1_811_e1_823.lus,Unsafe,0,0.026,1,9,33.84,0.52,0.05,40,false,base
FMCAD08/Int/memory2/ILLINOIS_r4a.lus,Safe,16 13 7,0.777,4,781,50.22,1.25,0.80,0,false,base
FMCAD08/Int/memory2/ILLINOIS_4_e7_2651_e7_2847.lus,Safe,2,0.059,2,31,44.47,0.52,0.09,0,false,base
FMCAD08/Int/memory2/ILLINOIS_2_e1_834_e7_3738.lus,Unsafe,,0.018,0,2,46.16,0.44,0.07,40,false,base
FMCAD08/Int/memory2/SYNAPSE_2_e8_1118_e8_1177.lus,Safe,1,0.030,2,20,45.95,0.53,0.05,0,false,base
FMCAD08/Int/memory2/MESI_i1_e3_2145_e8_2325.lus,Unsafe,,0.014,0,2,32.86,0.53,0.05,40,false,base
FMCAD08/Int/memory2/ILLINOIS_5.lus,Safe,1,0.046,2,25,46.05,0.53,0.08,0,false,base
FMCAD08/Int/memory2/ILLINOIS_2_e1_834_e3_2931.lus,Unsafe,,0.018,0,2,43.98,0.53,0.06,40,false,base
FMCAD08/Int/memory2/ILLINOIS_3_e3_2581_e2_2545.lus,Unsafe,,0.017,0,1,46.05,0.53,0.06,40,false,base
FMCAD08/Int/memory2/SYNAPSE_6_e2_1439_e1_954.lus,Safe,5 4,0.120,3,133,46.44,0.65,0.16,0,false,base
FMCAD08/Int/memory2/SYNAPSE_all_e8_251_e3_1472.lus,Unsafe,1,0.082,1,31,21.00,0.52,0.13,40,false,base
FMCAD08/Int/memory2/MOESI_2_e8_926_e7_961.lus,Unsafe,,0.015,0,2,32.93,0.55,0.05,40,false,base
FMCAD08/Int/memory2/MOESI_2_e3_929_e8_1167.lus,Safe,1,0.037,2,20,19.34,0.53,0.06,0,false,base
FMCAD08/Int/memory2/MESI_3_e2_819_e5_2554.lus,Unsafe,,0.032,0,2,33.38,0.44,0.07,40,false,base
FMCAD08/Int/memory2/SYNAPSE_2_e1_1239.lus,Unsafe,,0.013,0,2,32.66,0.53,0.05,40,false,base
FMCAD08/Int/memory2/MOESI_2_e3_929_e5_1826.lus,Safe,1,0.038,2,22,46.80,0.52,0.06,0,false,base
FMCAD08/Int/memory2/SYNAPSE_i1.lus,Unsafe,,0.013,0,2,20.85,0.43,0.04,40,false,base
FMCAD08/Int/memory2/SYNAPSE_3_e1_1416.lus,Unsafe,,0.014,0,2,32.88,0.42,0.04,40,false,base
FMCAD08/Int/memory2/MESI_i1_e2_2656.lus,Unsafe,,0.014,0,2,21.13,0.43,0.05,40,false,base
FMCAD08/Int/memory2/MESI_i1_e3_2145_e4_1717.lus,Unsafe,,0.013,0,2,32.72,0.52,0.04,40,false,base
FMCAD08/Int/memory2/MESI_3_e3_2669.lus,Safe,3 1 0,0.507,4,478,50.13,0.94,0.51,0,false,base
FMCAD08/Int/memory2/ILLINOIS_3_e3_2581_e4_958.lus,Unsafe,,0.017,0,1,43.27,0.54,0.06,40,false,base
FMCAD08/Int/memory2/MOESI_2_e3_929_e7_619.lus,Unsafe,,0.015,0,2,32.67,0.52,0.05,40,false,base
FMCAD08/Int/memory2/MESI_i1_e3_2145_e7_1847.lus,Unsafe,,0.016,0,2,32.71,0.54,0.06,40,false,base
FMCAD08/Int/memory2/SYNAPSE_123_e8_953_e8_941.lus,Safe,3,0.060,2,49,46.48,0.52,0.08,0,false,base
FMCAD08/Int/memory2/SYNAPSE_5_e1_811_e2_1026.lus,Unsafe,0,0.028,1,9,33.96,0.53,0.05,40,false,base
FMCAD08/Int/memory2/ILLINOIS_2_e2_876.lus,Unsafe,,0.018,0,2,44.02,0.53,0.07,40,false,base
FMCAD08/Int/memory2/ILLINOIS_2_e1_834_e1_1895.lus,Unsafe,,0.018,0,2,21.14,0.53,0.07,40,false,base
FMCAD08/Int/memory2/MESI_i3_e1_447.lus,Unsafe,2 1,0.069,2,54,46.57,0.52,0.09,40,false,base
FMCAD08/Int/memory2/MESI_3_e2_819_e1_1145.lus,Safe,12 8,0.576,3,510,50.12,1.04,0.58,0,false,base
FMCAD08/Int/memory2/MESI_3.lus,Safe,12 8,0.591,3,510,50.14,1.04,0.60,0,false,base
FMCAD08/Int/memory2/MESI_i1_e3_2145_e1_2667.lus,Unsafe,,0.014,0,2,32.61,0.52,0.04,40,false,base
FMCAD08/Int/memory2/ILLINOIS_a1.lus,Safe,10 8 4,0.560,4,583,49.39,1.05,0.58,0,false,base
FMCAD08/Int/memory2/MOESI_2_e8_926_e1_1065.lus,Safe,1,0.038,2,20,44.88,0.52,0.06,0,false,base
FMCAD08/Int/memory2/MESI_i4_e6_2175.lus,Safe,17 15 12 7,0.673,5,915,49.20,1.16,0.68,0,false,base
FMCAD08/Int/memory2/SYNAPSE_3_e1_1416_e7_193.lus,Unsafe,,0.014,0,2,32.73,0.53,0.05,40,false,base
FMCAD08/Int/memory2/SYNAPSE_all_e8_251.lus,Safe,4,0.107,2,68,46.27,0.63,0.14,0,false,base
FMCAD08/Int/memory2/MOESI_2_e1_1753.lus,Safe,1,0.038,2,22,44.80,0.52,0.06,0,false,base
FMCAD08/Int/memory2/MESI_3_e2_819_e6_1459.lus,Safe,12 10 7,0.817,4,720,51.38,1.28,0.81,0,false,base
FMCAD08/Int/memory2/MOESI_2_e8_101.lus,Safe,1,0.039,2,20,19.61,0.53,0.08,0,false,base
FMCAD08/Int/memory2/MOESI_2_e7_2910_e7_1804.lus,Unsafe,,0.016,0,2,33.29,0.42,0.04,40,false,base
FMCAD08/Int/memory2/SYNAPSE_5.lus,Timeout,,,,,,,,,true,base
FMCAD08/Int/memory2/MOESI_2_e1_1753_e3_2021.lus,Unsafe,0,0.044,1,17,45.93,0.52,0.07,40,false,base
FMCAD08/Int/memory2/SYNAPSE_all_e3_1864_e7_251.lus,Unsafe,1,0.044,1,22,46.50,0.55,0.07,40,false,base
FMCAD08/Int/memory2/SYNAPSE_6_e8_1147_e2_1326.lus,Safe,3,0.063,2,58,46.05,0.53,0.08,0,false,base
FMCAD08/Int/memory2/ILLINOIS_3_e3_2581_e1_1130.lus,Unsafe,,0.016,0,1,34.15,0.43,0.06,40,false,base
FMCAD08/Int/memory2/SYNAPSE_6_e3_1666_e5_1558.lus,Safe,6 4,0.107,3,122,46.68,0.52,0.12,0,false,base
FMCAD08/Int/memory2/ILLINOIS_2_e2_2367_e2_1561.lus,Unsafe,,0.018,0,2,44.28,0.52,0.06,40,false,base
FMCAD08/Int/memory2/MOESI_all.lus,Safe,3,0.068,2,53,46.69,0.52,0.09,0,false,base
FMCAD08/Int/memory2/SYNAPSE_all_e8_251_e1_1852.lus,Unsafe,,0.014,0,2,44.74,0.53,0.05,40,false,base
FMCAD08/Int/memory2/ILLINOIS_3_e3_2581_e3_979.lus,Unsafe,,0.019,0,2,46.43,0.52,0.06,40,false,base
FMCAD08/Int/memory2/SYNAPSE_3_e1_1416_e3_1191.lus,Unsafe,,0.014,0,2,32.47,0.52,0.04,40,false,base
FMCAD08/Int/memory2/SYNAPSE_all_e3_1750.lus,Unsafe,2,0.060,1,40,46.46,0.52,0.08,40,false,base
FMCAD08/Int/memory2/SYNAPSE_3_e8_1329_e8_320.lus,Safe,1,0.034,2,24,46.06,0.54,0.06,0,false,base
FMCAD08/Int/memory2/MOESI_all_e3_2032_e3_2788.lus,Unsafe,0,0.033,1,9,21.15,0.53,0.07,40,false,base
FMCAD08/Int/memory2/ILLINOIS_all.lus,Safe,4,0.120,2,66,45.94,0.63,0.15,0,false,base
FMCAD08/Int/memory2/MESI_i1_e2_1758_e8_12.lus,Unsafe,,0.014,0,2,33.12,0.54,0.05,40,false,base
FMCAD08/Int/memory2/MESI_i4_e4_1689.lus,Unsafe,2 1,0.102,2,82,45.97,0.52,0.12,40,false,base
FMCAD08/Int/memory2/SYNAPSE_123_e8_953_e7_1465.lus,Safe,3,0.057,2,47,46.77,0.54,0.08,0,false,base
FMCAD08/Int/memory2/MESI_4.lus,Safe,1 0,0.088,3,98,44.70,0.54,0.11,0,false,base
FMCAD08/Int/memory2/SYNAPSE_2_e1_1239_e1_1331.lus,Unsafe,,0.013,0,2,20.88,0.42,0.04,40,false,base
FMCAD08/Int/memory2/MOESI_2_e1_1753_e2_615.lus,Unsafe,,0.015,0,2,32.80,0.52,0.04,40,false,base
FMCAD08/Int/memory2/MESI_2.lus,Safe,1,0.034,2,25,46.47,0.52,0.05,0,false,base
FMCAD08/Int/memory2/SYNAPSE_3_e8_1329_e1_1270.lus,Unsafe,,0.014,0,2,20.87,0.42,0.04,40,false,base
FMCAD08/Int/memory2/MOESI_2_e2_1599_e3_1658.lus,Unsafe,0,0.043,1,17,22.02,0.54,0.09,40,false,base
FMCAD08/Int/memory2/SYNAPSE_123_e7_837_e3_135.lus,Unsafe,0,0.049,1,15,42.85,0.53,0.09,40,false,base
FMCAD08/Int/memory2/SYNAPSE_3_e7_1444_e7_638.lus,Safe,1,0.031,2,20,46.10,0.52,0.05,0,false,base
FMCAD08/Int/memory2/SYNAPSE_123_e3_302.lus,Unsafe,2,0.060,1,42,46.13,0.53,0.08,40,false,base
FMCAD08/Int/memory2/SYNAPSE_6.lus,Safe,3,0.058,2,53,46.43,0.52,0.08,0,false,base
FMCAD08/Int/memory2/ILLINOIS_3_e3_2581_e5_4006.lus,Unsafe,,0.017,0,1,21.06,0.52,0.06,40,false,base
FMCAD08/Int/memory2/ILLINOIS_2_e2_2367_e1_3182.lus,Safe,1,0.047,2,22,45.57,0.54,0.09,0,false,base
FMCAD08/Int/memory2/MESI_i3_e1_447_e5_2444.lus,Unsafe,,0.013,0,2,32.57,0.42,0.04,40,false,base
FMCAD08/Int/memory2/MOESI_2_e2_155.lus,Safe,1,0.039,2,22,45.06,0.52,0.06,0,false,base
FMCAD08/Int/memory2/SYNAPSE_4_e8_420_e7_572.lus,Safe,1,0.033,2,24,45.90,0.52,0.05,0,false,base
FMCAD08/Int/memory2/ILLINOIS_1.lus,Safe,1,0.050,2,27,45.75,0.52,0.08,0,false,base
FMCAD08/Int/memory2/MESI_1.lus,Safe,2,0.049,2,41,44.48,0.52,0.07,0,false,base
FMCAD08/Int/memory2/SYNAPSE_2_e8_1118_e7_1043.lus,Safe,1,0.045,2,20,42.45,0.53,0.08,0,false,base
FMCAD08/Int/memory2/MESI_i4.lus,Unsafe,4 2,0.097,2,82,46.31,0.53,0.13,40,false,base
FMCAD08/Int/memory2/MOESI_1.lus,Safe,1,0.038,2,25,44.27,0.52,0.06,0,false,base
FMCAD08/Int/memory2/MESI_3_e2_819_e3_2698.lus,Unsafe,,0.027,0,2,33.33,0.53,0.06,40,false,base
FMCAD08/Int/memory2/SYNAPSE_3_e8_1708.lus,Safe,1,0.036,2,26,46.17,0.52,0.05,0,false,base
FMCAD08/Int/memory2/SYNAPSE_all_e8_251_e2_1053.lus,Unsafe,,0.014,0,2,45.84,0.54,0.05,40,false,base
FMCAD08/Int/memory2/SYNAPSE_3_e8_1329_e7_1062.lus,Safe,1,0.031,2,20,46.10,0.54,0.05,0,false,base
FMCAD08/Int/memory2/SYNAPSE_2_e1_1239_e2_74.lus,Unsafe,,0.014,0,2,32.45,0.52,0.04,40,false,base
FMCAD08/Int/memory2/SYNAPSE_123_e8_953_e2_458.lus,Unsafe,,0.013,0,2,20.92,0.42,0.04,40,false,base
FMCAD08/Int/memory2/SYNAPSE_123.lus,Safe,3,0.062,2,53,46.14,0.52,0.08,0,false,base
FMCAD08/Int/memory2/SYNAPSE_4_e8_420_e8_1525.lus,Safe,1,0.050,2,28,19.82,0.52,0.08,0,false,base
FMCAD08/Int/memory2/SYNAPSE_2_e3_216.lus,Unsafe,0,0.034,1,9,44.36,0.52,0.07,40,false,base
FMCAD08/Int/memory2/MESI_3_e2_819_e8_1896.lus,Unsafe,,0.023,0,2,20.93,0.53,0.09,40,false,base
FMCAD08/Int/memory2/SYNAPSE_3_e3_1041.lus,Unsafe,0,0.038,1,21,46.61,0.52,0.06,40,false,base
FMCAD08/Int/memory2/SYNAPSE_3_e8_1329_e2_236.lus,Unsafe,,0.014,0,2,20.90,0.42,0.04,40,false,base
FMCAD08/Int/memory2/MOESI_2_e2_1599_e8_1334.lus,Safe,1,0.037,2,20,46.43,0.52,0.06,0,false,base
FMCAD08/Int/memory2/MESI_i1.lus,Unsafe,,0.014,0,2,21.14,0.42,0.04,40,false,base
FMCAD08/Int/memory2/ILLINOIS_3_e3_2581_e7_3447.lus,Unsafe,,0.020,0,2,43.70,0.53,0.06,40,false,base
FMCAD08/Int/memory2/MESI_i3_e1_447_e3_1180.lus,Safe,2,0.047,2,39,44.19,0.53,0.07,0,false,base
FMCAD08/Int/memory2/MESI_i3_e1_447_e1_1292.lus,Safe,7 4,0.154,3,180,46.94,0.64,0.18,0,false,base
FMCAD08/Int/memory2/MESI_i3.lus,Unsafe,,0.035,0,2,43.81,0.54,0.06,40,false,base
FMCAD08/Int/memory2/SYNAPSE_3_e1_1416_e1_1675.lus,Unsafe,,0.014,0,2,32.84,0.52,0.04,40,false,base
FMCAD08/Int/memory2/SYNAPSE_3.lus,Safe,1,0.036,2,26,44.12,0.54,0.06,0,false,base
FMCAD08/Int/memory2/MESI_i4_e7_1017_e6_1132.lus,Safe,9 7 4 3,1.007,5,1274,51.05,1.46,1.00,0,false,base
FMCAD08/Int/memory2/SYNAPSE_123_e7_837_e7_1262.lus,Safe,3,0.057,2,46,46.34,0.52,0.08,0,false,base
FMCAD08/Int/memory2/SYNAPSE_123_e8_953.lus,Safe,3,0.061,2,51,46.60,0.52,0.08,0,false,base
FMCAD08/Int/memory2/SYNAPSE_6_e7_938_e2_1012.lus,Safe,3,0.053,2,48,46.18,0.53,0.07,0,false,base
FMCAD08/Int/memory2/SYNAPSE_all_e3_1864_e3_495.lus,Unsafe,3,0.082,1,63,46.34,0.54,0.11,40,false,base
FMCAD08/Int/memory2/MESI_i3_e1_447_e7_2194.lus,Unsafe,7 3,0.210,2,217,46.98,0.63,0.24,40,false,base
FMCAD08/Int/memory2/MESI_i1_e4_1986.lus,Unsafe,,0.013,0,2,32.84,0.52,0.04,40,false,base
FMCAD08/Int/memory2/SYNAPSE_2_e8_1118_e3_1216.lus,Unsafe,0,0.034,1,15,46.43,0.52,0.06,40,false,base
FMCAD08/Int/memory2/MOESI_1_e3_1884_e7_1875.lus,Safe,2,0.055,2,41,46.48,0.53,0.08,0,false,base
FMCAD08/Int/memory2/SYNAPSE_1.lus,Safe,1,0.033,2,25,46.02,0.53,0.05,0,false,base
FMCAD08/Int/memory2/MESI_3_e2_819.lus,Unsafe,,0.019,0,2,33.16,0.53,0.05,40,false,base
FMCAD08/Int/memory2/MOESI_2_e2_1599_e2_1815.lus,Unsafe,,0.015,0,2,21.04,0.42,0.04,40,false,base
FMCAD08/Int/memory2/MESI_i3_e1_447_e6_2281.lus,Safe,7 4,0.168,3,214,46.94,0.63,0.18,0,false,base
FMCAD08/Int/memory2/MESI_3_e2_819_e4_1595.lus,Safe,12 8,0.567,3,510,50.62,1.06,0.58,0,false,base
FMCAD08/Int/memory2/SYNAPSE_all_e7_907_e7_1363.lus,Safe,4,0.060,2,54,44.04,0.52,0.08,0,false,base
FMCAD08/Int/memory2/MOESI_2_e2_1599_e1_2383.lus,Unsafe,,0.015,0,2,33.09,0.42,0.04,40,false,base
FMCAD08/Int/memory2/SYNAPSE_all_e3_1864_e5_1637.lus,Unsafe,,0.014,0,2,32.71,0.43,0.04,40,false,base
FMCAD08/Int/memory2/SYNAPSE_123_e2_1653.lus,Unsafe,,0.022,0,2,45.11,0.56,0.07,40,false,base
FMCAD08/Int/memory2/ILLINOIS_3.lus,Safe,1,0.059,2,24,19.69,0.52,0.10,0,false,base
FMCAD08/Int/memory2/MOESI_2_e3_929_e1_2319.lus,Unsafe,,0.014,0,2,21.05,0.55,0.06,40,false,base
FMCAD08/Int/memory2/MESI_3_e2_819_e2_562.lus,Unsafe,,0.041,0,2,21.15,0.56,0.11,40,false,base
FMCAD08/Int/memory2/SYNAPSE_all_e3_1864_e4_34.lus,Unsafe,,0.014,0,2,32.84,0.52,0.04,40,false,base
FMCAD08/Int/large/microwave37.lus,Unsafe,0,8.550,2,452,75.33,9.05,8.62,40,false,base
FMCAD08/Int/large/steam_boiler_no_arr2.lus,Safe,1 0,0.111,3,89,49.40,0.63,0.14,0,false,base
FMCAD08/Int/large/microwave03.lus,Safe,0,0.048,2,12,46.42,0.52,0.13,0,false,base
FMCAD08/Int/large/microwave01.lus,Safe,1 0,0.538,3,149,54.22,1.04,0.61,0,false,base
FMCAD08/Int/large/microwave13.lus,Timeout,,,,,,,,,true,base
FMCAD08/Int/large/microwave12.lus,Unsafe,0,0.439,2,37,50.13,0.94,0.52,40,false,base
FMCAD08/Int/large/microwave31.lus,Unsafe,0,12.020,1,313,77.77,12.46,12.13,40,false,base
FMCAD08/Int/large/microwave26.lus,Timeout,,,,,,,,,true,base
FMCAD08/Int/large/microwave14.lus,Unsafe,0,1.361,2,159,51.13,1.87,1.43,40,false,base
FMCAD08/Int/large/microwave32.lus,Unsafe,0,6.142,2,423,72.81,6.67,6.14,40,false,base
FMCAD08/Int/large/microwave27.lus,Timeout,,,,,,,,,true,base
FMCAD08/Int/large/microwave16.lus,Safe,0,0.064,2,12,58.56,0.75,0.17,0,false,base
FMCAD08/Int/large/microwave40.lus,Unsafe,0,0.054,2,13,48.27,0.52,0.14,40,false,base
FMCAD08/Int/large/steam_boiler_no_arr2_e1_17214_e5_18600.lus,Safe,1 0,0.111,3,89,50.68,0.63,0.15,0,false,base
FMCAD08/Int/large/microwave28.lus,Unsafe,0,0.816,2,47,65.06,1.36,0.90,40,false,base
FMCAD08/Int/large/microwave07.lus,Timeout,,,,,,,,,true,base
FMCAD08/Int/large/microwave29.lus,Safe,9 4,20.911,3,502,88.72,21.49,21.07,0,false,base
FMCAD08/Int/large/microwave25.lus,Unsafe,0,0.052,2,13,45.12,0.62,0.14,40,false,base
FMCAD08/Int/large/microwave22.lus,Timeout,,,,,,,,,true,base
FMCAD08/Int/large/microwave11.lus,Timeout,,,,,,,,,true,base
FMCAD08/Int/large/microwave06.lus,Timeout,,,,,,,,,true,base
FMCAD08/Int/large/microwave15.lus,Safe,0,0.048,2,12,35.66,0.54,0.12,0,false,base
FMCAD08/Int/large/microwave20.lus,Unsafe,0,0.053,2,13,48.91,0.63,0.15,40,false,base
FMCAD08/Int/large/microwave19.lus,Safe,12 7,1.840,3,532,66.81,2.40,1.90,0,false,base
FMCAD08/Int/large/steam_boiler_no_arr2_e3_514_e4_11150.lus,Safe,1 0,0.112,3,89,50.00,0.63,0.14,0,false,base
FMCAD08/Int/large/microwave02.lus,Safe,0,0.046,2,12,47.58,0.52,0.12,0,false,base
FMCAD08/Int/large/microwave17.lus,Safe,12 8,2.447,3,463,68.78,3.04,2.51,0,false,base
FMCAD08/Int/large/microwave33.lus,Unsafe,0,10.318,2,340,74.60,10.81,10.41,40,false,base
FMCAD08/Int/large/microwave30.lus,Timeout,9 5,49.496,2,366,101.25,302.25,1.00,1,true,base
FMCAD08/Int/large/microwave35.lus,Unsafe,0,29.069,2,479,81.20,29.59,29.25,40,false,base
FMCAD08/Int/large/steam_boiler_no_arr1.lus,Safe,0,0.271,2,12,182.56,0.96,0.49,0,false,base
FMCAD08/Int/large/microwave24.lus,Safe,12 7,5.325,3,501,71.87,5.83,5.40,0,false,base
FMCAD08/Int/large/microwave09.lus,Timeout,,,,,,,,,true,base
FMCAD08/Int/large/microwave05.lus,Timeout,,,,,117.15,302.28,1.00,1,true,base
FMCAD08/Int/large/microwave39.lus,Unsafe,0,78.798,2,438,109.59,79.23,79.22,40,false,base
FMCAD08/Int/large/steam_boiler_no_arr2_e7_12307.lus,Safe,1 0,0.113,3,89,50.11,0.66,0.16,0,false,base
FMCAD08/Int/large/microwave36.lus,Unsafe,0,4.536,2,559,71.08,5.10,4.60,40,false,base
FMCAD08/Int/large/microwave38.lus,Unsafe,0,12.187,2,444,77.65,12.68,12.28,40,false,base
FMCAD08/Int/large/microwave23.lus,Unsafe,0,0.839,2,59,65.14,1.35,0.92,40,false,base
FMCAD08/Int/large/microwave04.lus,Safe,0,0.082,2,12,48.47,0.63,0.16,0,false,base
FMCAD08/Int/large/microwave18.lus,Unsafe,0,0.795,2,60,64.89,1.36,0.88,40,false,base
FMCAD08/Int/large/steam_boiler_no_arr2_e6_3003_e4_15091.lus,Safe,1 0,0.110,3,89,48.73,0.63,0.15,0,false,base
FMCAD08/Int/large/steam_boiler_no_arr2_e8_21449_e5_18210.lus,Safe,2 0,0.219,3,172,50.25,0.75,0.25,0,false,base
FMCAD08/Int/large/microwave21.lus,Timeout,,,,,,,,,true,base
FMCAD08/Int/large/steam_boiler_no_arr1_e4_23904_e4_2384.lus,Safe,0,0.333,2,12,129.54,0.95,0.52,0,false,base
FMCAD08/Int/large/microwave10.lus,Timeout,,,,,,,,,true,base
FMCAD08/Int/large/microwave34.lus,Timeout,,,,,122.34,302.27,1.00,1,true,base
FMCAD08/Int/large/microwave08.lus,Timeout,,,,,,,,,true,base
FMCAD08/Real_Int/large/ccp21.lus,Unsafe,0,59.469,2,4104,347.28,60.34,59.91,40,false,base
FMCAD08/Real_Int/large/ccp16.lus,Safe,0,0.021,2,12,34.55,0.65,0.12,0,false,base
FMCAD08/Real_Int/large/cruise_controller_14.lus,Safe,4 2,0.752,3,218,141.41,1.37,0.86,0,false,base
FMCAD08/Real_Int/large/cruise_controller_20.lus,Timeout,6,2.012,1,72,148.42,302.30,1.10,1,true,base
FMCAD08/Real_Int/large/ccp08.lus,Safe,4 3,2.565,3,167,277.50,3.45,2.96,0,false,base
FMCAD08/Real_Int/large/cruise_controller_05.lus,Safe,0,0.049,2,12,43.01,0.52,0.11,0,false,base
FMCAD08/Real_Int/large/cruise_controller_19.lus,Safe,8 2 0,9.553,4,1740,154.02,10.18,9.67,0,false,base
FMCAD08/Real_Int/large/ccp10.lus,Unsafe,0,9.198,2,113,307.89,10.09,9.68,40,false,base
FMCAD08/Real_Int/large/cruise_controller_18.lus,Safe,7 4 1 0,8.134,5,1817,155.33,8.75,8.27,0,false,base
FMCAD08/Real_Int/large/cruise_controller_08.lus,Timeout,,,,,,,,,true,base
FMCAD08/Real_Int/large/ccp02.lus,Safe,2 1 0,7.173,4,328,131.83,7.81,7.33,0,false,base
FMCAD08/Real_Int/large/cruise_controller_06.lus,Safe,0,0.055,2,12,142.92,0.64,0.23,0,false,base
FMCAD08/Real_Int/large/ccp12.lus,Unsafe,0,72.240,2,1895,366.16,73.19,72.93,40,false,base
FMCAD08/Real_Int/large/cruise_controller_03.lus,Safe,1 0,1.560,3,150,69.09,2.08,1.62,0,false,base
FMCAD08/Real_Int/large/cruise_controller_23.lus,Timeout,,,,,,,,,true,base
FMCAD08/Real_Int/large/ccp18.lus,Safe,3 2,6.032,3,163,279.62,6.97,6.48,0,false,base
FMCAD08/Real_Int/large/ccp04.lus,Safe,1 0,1.315,3,133,133.80,1.98,1.47,0,false,base
FMCAD08/Real_Int/large/cruise_controller_07.lus,Safe,0,0.054,2,12,147.33,0.62,0.20,0,false,base
FMCAD08/Real_Int/large/cruise_controller_17.lus,Unsafe,0,22.609,2,2283,157.93,23.17,22.78,40,false,base
FMCAD08/Real_Int/large/ccp19.lus,Safe,0,0.044,2,12,368.75,0.94,0.53,0,false,base
FMCAD08/Real_Int/large/cruise_controller_09.lus,Unsafe,0,7.138,2,252,139.79,7.81,7.32,40,false,base
FMCAD08/Real_Int/large/ccp23.lus,Timeout,21 18 12 9 6,117.957,5,6921,338.46,300.20,276.02,30,true,base
FMCAD08/Real_Int/large/cruise_controller_21.lus,Unsafe,0,0.054,2,13,146.92,0.62,0.22,40,false,base
FMCAD08/Real_Int/large/ccp17.lus,Safe,4 1 0,18.113,4,728,310.09,19.02,18.56,0,false,base
FMCAD08/Real_Int/large/ccp01.lus,Safe,2 1 0,8.241,4,328,101.80,8.84,8.43,0,false,base
FMCAD08/Real_Int/large/ccp05.lus,Safe,0,0.036,2,12,34.40,0.63,0.17,0,false,base
FMCAD08/Real_Int/large/ccp14.lus,Unsafe,0,62.199,2,3006,311.21,63.17,62.78,40,false,base
FMCAD08/Real_Int/large/cruise_controller_24.lus,Safe,5 4,1.111,3,200,69.46,1.66,1.23,0,false,base
FMCAD08/Real_Int/large/ccp20.lus,Safe,5 1 0,14.313,4,960,323.43,15.18,14.76,0,false,base
FMCAD08/Real_Int/large/cruise_controller_02.lus,Safe,1 0,1.654,3,152,69.17,2.19,1.72,0,false,base
FMCAD08/Real_Int/large/ccp07.lus,Safe,0,0.048,2,12,287.72,0.94,0.50,0,false,base
FMCAD08/Real_Int/large/ccp22.lus,Timeout,,,,,,,,,true,base
FMCAD08/Real_Int/large/ccp11.lus,Timeout,,,,,,,,,true,base
FMCAD08/Real_Int/large/cruise_controller_15.lus,Unsafe,0,13.593,2,2971,86.63,14.26,13.75,40,false,base
FMCAD08/Real_Int/large/ccp13.lus,Timeout,,,,,,,,,true,base
FMCAD08/Real_Int/large/ccp09.lus,Safe,0,0.045,2,12,302.69,0.94,0.48,0,false,base
FMCAD08/Real_Int/large/cruise_controller_04.lus,Safe,2,0.380,2,43,66.82,0.96,0.44,0,false,base
FMCAD08/Real_Int/large/ccp03.lus,Safe,3 2 1,6.643,4,347,131.07,7.27,6.79,0,false,base
FMCAD08/Real_Int/large/cruise_controller_11.lus,Safe,0,0.057,2,12,163.07,0.64,0.21,0,false,base
FMCAD08/Real_Int/large/cruise_controller_13.lus,Safe,0,0.054,2,12,39.55,0.65,0.19,0,false,base
FMCAD08/Real_Int/large/ccp06.lus,Safe,0,0.044,2,12,363.00,0.96,0.55,0,false,base
FMCAD08/Real_Int/large/cruise_controller_10.lus,Safe,14 6 0,12.152,4,3829,167.13,12.79,12.23,0,false,base
FMCAD08/Real_Int/large/ccp15.lus,Safe,0,0.048,2,12,291.83,0.96,0.50,0,false,base
FMCAD08/Real_Int/large/ccp24.lus,Timeout,,,,,,,,,true,base
FMCAD08/Real_Int/large/cruise_controller_16.lus,Timeout,48 43 32 27 25 24,77.320,6,14589,202.83,300.22,162.31,30,true,base
FMCAD08/Real_Int/large/cruise_controller_12.lus,Safe,2 1,0.667,3,153,69.14,1.25,0.78,0,false,base
FMCAD08/Real_Int/large/cruise_controller_22.lus,Unsafe,0,22.428,2,3228,94.77,23.10,22.54,40,false,base
FMCAD08/Real_Int/large/cruise_controller_01.lus,Safe,5 3 2,3.722,4,553,71.46,4.26,3.78,0,false,base
FMCAD08/Real_Int32/large/ccp21.lus,Unsafe,50 20,103.698,2,3944,313.70,105.42,105.02,40,false,base
FMCAD08/Real_Int32/large/ccp16.lus,Safe,0,0.017,2,12,20.43,0.55,0.07,0,false,base
FMCAD08/Real_Int32/large/cruise_controller_14.lus,Safe,2 1,0.620,3,115,74.60,1.25,0.76,0,false,base
FMCAD08/Real_Int32/large/cruise_controller_20.lus,Unsafe,46 17,32.713,2,3702,110.05,33.67,33.14,40,false,base
FMCAD08/Real_Int32/large/ccp08.lus,Safe,3 2,3.619,3,149,282.18,4.48,4.01,0,false,base
FMCAD08/Real_Int32/large/cruise_controller_05.lus,Safe,0,0.039,2,12,52.59,0.62,0.14,0,false,base
FMCAD08/Real_Int32/large/cruise_controller_19.lus,Safe,10 5 1 0,17.442,5,2227,88.56,18.08,17.58,0,false,base
FMCAD08/Real_Int32/large/ccp10.lus,Timeout,,,,,,,,,true,base
FMCAD08/Real_Int32/large/cruise_controller_18.lus,Safe,9 3 0,18.325,4,1846,116.97,18.92,18.48,0,false,base
FMCAD08/Real_Int32/large/cruise_controller_08.lus,Timeout,,,,,,,,,true,base
FMCAD08/Real_Int32/large/ccp02.lus,Safe,5 3 2,17.379,4,516,131.36,18.00,17.58,0,false,base
FMCAD08/Real_Int32/large/cruise_controller_06.lus,Safe,0,0.051,2,12,162.93,0.63,0.22,0,false,base
FMCAD08/Real_Int32/large/ccp12.lus,Timeout,,,,,333.44,302.27,1.78,1,true,base
FMCAD08/Real_Int32/large/cruise_controller_03.lus,Safe,3 2 1,4.319,4,363,78.64,4.90,4.41,0,false,base
FMCAD08/Real_Int32/large/cruise_controller_23.lus,Timeout,,,,,,,,,true,base
FMCAD08/Real_Int32/large/ccp18.lus,Safe,3 2,10.041,3,169,301.39,10.92,10.50,0,false,base
FMCAD08/Real_Int32/large/ccp04.lus,Safe,2,1.871,2,41,94.50,2.50,2.07,0,false,base
FMCAD08/Real_Int32/large/cruise_controller_07.lus,Safe,0,0.048,2,12,40.32,0.62,0.20,0,false,base
FMCAD08/Real_Int32/large/cruise_controller_17.lus,Unsafe,32 22,34.562,2,1742,155.86,35.31,34.86,40,false,base
FMCAD08/Real_Int32/large/ccp19.lus,Safe,0,0.054,2,12,362.39,1.04,0.57,0,false,base
FMCAD08/Real_Int32/large/cruise_controller_09.lus,Timeout,,,,,,,,,true,base
FMCAD08/Real_Int32/large/ccp23.lus,Timeout,41 33 15,142.827,3,4143,321.41,302.24,31.63,1,true,base
FMCAD08/Real_Int32/large/cruise_controller_21.lus,Unsafe,,0.028,0,1,154.26,0.62,0.22,40,false,base
FMCAD08/Real_Int32/large/ccp17.lus,Safe,4 1 0,9.062,4,773,292.57,9.98,9.50,0,false,base
FMCAD08/Real_Int32/large/ccp01.lus,Safe,3 2 1,13.685,4,356,118.98,14.34,13.89,0,false,base
FMCAD08/Real_Int32/large/ccp05.lus,Safe,0,0.045,2,12,129.50,0.64,0.21,0,false,base
FMCAD08/Real_Int32/large/ccp14.lus,Unsafe,28 7,57.541,2,2277,287.10,59.20,58.84,40,false,base
FMCAD08/Real_Int32/large/cruise_controller_24.lus,Safe,5 4,3.156,3,168,80.11,3.76,3.31,0,false,base
FMCAD08/Real_Int32/large/ccp20.lus,Timeout,,,,,366.09,302.29,1.60,1,true,base
FMCAD08/Real_Int32/large/cruise_controller_02.lus,Safe,3 2 1 0,6.372,5,637,79.73,6.86,6.46,0,false,base
FMCAD08/Real_Int32/large/ccp07.lus,Safe,0,0.052,2,12,294.21,0.94,0.50,0,false,base
FMCAD08/Real_Int32/large/ccp22.lus,Timeout,,,,,,,,,true,base
FMCAD08/Real_Int32/large/ccp11.lus,Timeout,,,,,,,,,true,base
FMCAD08/Real_Int32/large/cruise_controller_15.lus,Unsafe,55 33,35.550,2,4508,135.45,36.28,35.78,40,false,base
FMCAD08/Real_Int32/large/ccp13.lus,Timeout,,,,,,,,,true,base
FMCAD08/Real_Int32/large/ccp09.lus,Safe,0,0.051,2,12,253.69,0.87,0.42,0,false,base
FMCAD08/Real_Int32/large/cruise_controller_04.lus,Safe,2,0.710,2,41,74.17,1.25,0.80,0,false,base
FMCAD08/Real_Int32/large/ccp03.lus,Safe,3 2 1,8.746,4,360,126.77,9.35,8.93,0,false,base
FMCAD08/Real_Int32/large/cruise_controller_11.lus,Safe,0,0.051,2,12,158.95,0.64,0.22,0,false,base
FMCAD08/Real_Int32/large/cruise_controller_13.lus,Safe,0,0.045,2,12,39.98,0.65,0.20,0,false,base
FMCAD08/Real_Int32/large/ccp06.lus,Safe,0,0.052,2,12,378.80,0.95,0.55,0,false,base
FMCAD08/Real_Int32/large/cruise_controller_10.lus,Safe,16 10 1 0,19.923,5,4034,164.95,20.49,20.03,0,false,base
FMCAD08/Real_Int32/large/ccp15.lus,Safe,0,0.053,2,12,301.75,0.95,0.53,0,false,base
FMCAD08/Real_Int32/large/ccp24.lus,Timeout,,,,,,,,,true,base
FMCAD08/Real_Int32/large/cruise_controller_16.lus,Timeout,,,,,,,,,true,base
FMCAD08/Real_Int32/large/cruise_controller_12.lus,Safe,4 3,0.834,3,141,76.06,1.46,0.98,0,false,base
FMCAD08/Real_Int32/large/cruise_controller_22.lus,Unsafe,66 37,40.868,2,6464,130.18,41.59,41.00,40,false,base
FMCAD08/Real_Int32/large/cruise_controller_01.lus,Safe,1 0,3.398,3,132,76.82,3.95,3.49,0,false,base
